checked_at,Town,field_name,original_url,final_url,status_code,redirected,soft404,validation_status,error,elapsed_ms,checked_at_utc,Field,Original URL,Final URL,Status,Soft404,OK
2026-04-17T17:33:51.186210+00:00,Bethlehem,application_form,https://bethlehemct.org/vertical/sites/%7B5308EA3E-1589-494E-AA0B-0BABEF8025FD%7D/uploads/2024_Employment_Application.pdf,https://bethlehemct.org/vertical/sites/%7B5308EA3E-1589-494E-AA0B-0BABEF8025FD%7D/uploads/2024_Employment_Application.pdf,200,False,False,working,,8504,2026-04-17T17:33:51.186210+00:00,Application Form URL,https://bethlehemct.org/vertical/sites/%7B5308EA3E-1589-494E-AA0B-0BABEF8025FD%7D/uploads/2024_Employment_Application.pdf,https://bethlehemct.org/vertical/sites/%7B5308EA3E-1589-494E-AA0B-0BABEF8025FD%7D/uploads/2024_Employment_Application.pdf,200,False,True
2026-04-17T17:33:51.186210+00:00,Bethel,employment_page,https://bethel-ct.gov/Employment,https://bethel-ct.gov/Employment,200,False,False,working,,8621,2026-04-17T17:33:51.186210+00:00,Employment Page URL,https://bethel-ct.gov/Employment,https://bethel-ct.gov/Employment,200,False,True
2026-04-17T17:33:51.186210+00:00,Bloomfield,employment_page,https://www.governmentjobs.com/careers/bloomfieldct,https://www.governmentjobs.com/careers/bloomfieldct,200,False,False,working,,8661,2026-04-17T17:33:51.186210+00:00,Employment Page URL,https://www.governmentjobs.com/careers/bloomfieldct,https://www.governmentjobs.com/careers/bloomfieldct,200,False,True
2026-04-17T17:33:51.186210+00:00,Barkhamsted,employment_page,https://www.barkhamsted.us/job-postings,https://www.barkhamsted.us/job-postings,200,False,False,working,,8873,2026-04-17T17:33:51.186210+00:00,Employment Page URL,https://www.barkhamsted.us/job-postings,https://www.barkhamsted.us/job-postings,200,False,True
2026-04-17T17:33:51.186210+00:00,Andover,employment_page,https://www.andoverconnecticut.org/employment-volunteer-opportunities,https://www.andoverconnecticut.org/employment-volunteer-opportunities,403,False,False,uncertain,,8924,2026-04-17T17:33:51.186210+00:00,Employment Page URL,https://www.andoverconnecticut.org/employment-volunteer-opportunities,https://www.andoverconnecticut.org/employment-volunteer-opportunities,403,False,False
2026-04-17T17:33:51.186210+00:00,Andover,application_form,https://www.andoverconnecticut.org/employment-volunteer-opportunities/files/employment-application-revised-111620,https://www.andoverconnecticut.org/employment-volunteer-opportunities/files/employment-application-revised-111620,403,False,False,uncertain,,8968,2026-04-17T17:33:51.186210+00:00,Application Form URL,https://www.andoverconnecticut.org/employment-volunteer-opportunities/files/employment-application-revised-111620,https://www.andoverconnecticut.org/employment-volunteer-opportunities/files/employment-application-revised-111620,403,False,False
2026-04-17T17:33:51.186210+00:00,Bethel,application_form,https://bethel-ct.gov/vertical/sites/%7B90B1B948-C443-4CA6-8B88-90B1EEA9B1E2%7D/uploads/Employment-App.pdf,https://bethel-ct.gov/vertical/sites/%7B90B1B948-C443-4CA6-8B88-90B1EEA9B1E2%7D/uploads/Employment-App.pdf,200,False,False,working,,9069,2026-04-17T17:33:51.186210+00:00,Application Form URL,https://bethel-ct.gov/vertical/sites/%7B90B1B948-C443-4CA6-8B88-90B1EEA9B1E2%7D/uploads/Employment-App.pdf,https://bethel-ct.gov/vertical/sites/%7B90B1B948-C443-4CA6-8B88-90B1EEA9B1E2%7D/uploads/Employment-App.pdf,200,False,True
2026-04-17T17:33:51.186210+00:00,Ashford,application_form,https://ct-ashford.civicplus.com/DocumentCenter/View/621/Ashford-Employment-Application-PDF,https://ct-ashford.civicplus.com/DocumentCenter/View/621/Ashford-Employment-Application-PDF,200,False,False,working,,9181,2026-04-17T17:33:51.186210+00:00,Application Form URL,https://ct-ashford.civicplus.com/DocumentCenter/View/621/Ashford-Employment-Application-PDF,https://ct-ashford.civicplus.com/DocumentCenter/View/621/Ashford-Employment-Application-PDF,200,False,True
2026-04-17T17:33:51.186210+00:00,Ashford,employment_page,https://ashfordtownhall.org/jobs.aspx,https://ashfordtownhall.org/jobs.aspx,200,False,False,working,,9475,2026-04-17T17:33:51.186210+00:00,Employment Page URL,https://ashfordtownhall.org/jobs.aspx,https://ashfordtownhall.org/jobs.aspx,200,False,True
2026-04-17T17:33:51.186210+00:00,Bozrah,employment_page,https://www.townofbozrah.org/Jobs.aspx,https://www.townofbozrah.org/Jobs.aspx,200,False,False,working,,9501,2026-04-17T17:33:51.186210+00:00,Employment Page URL,https://www.townofbozrah.org/Jobs.aspx,https://www.townofbozrah.org/Jobs.aspx,200,False,True
2026-04-17T17:33:51.186210+00:00,Bethlehem,employment_page,https://bethlehemct.org/employment,https://bethlehemct.org/employment,200,False,False,working,,9718,2026-04-17T17:33:51.186210+00:00,Employment Page URL,https://bethlehemct.org/employment,https://bethlehemct.org/employment,200,False,True
2026-04-17T17:33:51.186210+00:00,Avon,employment_page,https://www.avonct.gov/departments/human_resources/employment_opportunities/employment.php,https://www.avonct.gov/departments/human_resources/employment_opportunities/employment.php,200,False,False,working,,9993,2026-04-17T17:33:51.186210+00:00,Employment Page URL,https://www.avonct.gov/departments/human_resources/employment_opportunities/employment.php,https://www.avonct.gov/departments/human_resources/employment_opportunities/employment.php,200,False,True
2026-04-17T17:33:51.186210+00:00,Ansonia,application_form,https://www.cityofansonia.com/filestorage/8192/8194/8240/Job_Application.pdf,https://www.cityofansonia.com/filestorage/8192/8194/8240/Job_Application.pdf,200,False,False,working,,10024,2026-04-17T17:33:51.186210+00:00,Application Form URL,https://www.cityofansonia.com/filestorage/8192/8194/8240/Job_Application.pdf,https://www.cityofansonia.com/filestorage/8192/8194/8240/Job_Application.pdf,200,False,True
2026-04-17T17:33:51.186210+00:00,Berlin,application_form,https://www.berlinct.gov/egov/apps/document/center.egov?view=item&id=8426,https://www.berlinct.gov/egov/documents/1643041452_69912.pdf,200,True,False,redirected,,10083,2026-04-17T17:33:51.186210+00:00,Application Form URL,https://www.berlinct.gov/egov/apps/document/center.egov?view=item&id=8426,https://www.berlinct.gov/egov/documents/1643041452_69912.pdf,200,False,True
2026-04-17T17:33:51.186210+00:00,Bolton,application_form,https://files.aptuitivcdn.com/EzoynNLyL2-1704/docs/employment/Bolton_Employment_Application_2020_Fillable.pdf,https://files.aptuitivcdn.com/EzoynNLyL2-1704/docs/employment/Bolton_Employment_Application_2020_Fillable.pdf,200,False,False,working,,10082,2026-04-17T17:33:51.186210+00:00,Application Form URL,https://files.aptuitivcdn.com/EzoynNLyL2-1704/docs/employment/Bolton_Employment_Application_2020_Fillable.pdf,https://files.aptuitivcdn.com/EzoynNLyL2-1704/docs/employment/Bolton_Employment_Application_2020_Fillable.pdf,200,False,True
2026-04-17T17:33:51.186210+00:00,Bolton,employment_page,https://www.boltonct.gov/employment,https://www.boltonct.gov/employment,200,False,True,suspicious,,10276,2026-04-17T17:33:51.186210+00:00,Employment Page URL,https://www.boltonct.gov/employment,https://www.boltonct.gov/employment,200,True,False
2026-04-17T17:33:51.186210+00:00,Berlin,employment_page,https://www.berlinct.gov/category/index.php?categoryid=51,https://www.berlinct.gov/category/index.php?categoryid=51,200,False,False,working,,10389,2026-04-17T17:33:51.186210+00:00,Employment Page URL,https://www.berlinct.gov/category/index.php?categoryid=51,https://www.berlinct.gov/category/index.php?categoryid=51,200,False,True
2026-04-17T17:33:51.186210+00:00,Beacon Falls,application_form,https://www.beaconfalls-ct.org/DocumentCenter/View/932/Employment-Application-PDF,https://www.beaconfalls-ct.org/DocumentCenter/View/932/Employment-Application-PDF,200,False,False,working,,12089,2026-04-17T17:33:51.186210+00:00,Application Form URL,https://www.beaconfalls-ct.org/DocumentCenter/View/932/Employment-Application-PDF,https://www.beaconfalls-ct.org/DocumentCenter/View/932/Employment-Application-PDF,200,False,True
2026-04-17T17:33:51.186210+00:00,Bridgeport,employment_page,https://www.bridgeportct.gov/government/departments/civil-service/city-careers,https://www.bridgeportct.gov/government/departments/civil-service/city-careers,200,False,False,working,,7846,2026-04-17T17:33:51.186210+00:00,Employment Page URL,https://www.bridgeportct.gov/government/departments/civil-service/city-careers,https://www.bridgeportct.gov/government/departments/civil-service/city-careers,200,False,True
2026-04-17T17:33:51.186210+00:00,Bethany,employment_page,https://bethany-ct.com/employment,https://bethanyct.gov/,200,True,False,redirected,,16799,2026-04-17T17:33:51.186210+00:00,Employment Page URL,https://bethany-ct.com/employment,https://bethanyct.gov/,200,False,True
2026-04-17T17:33:51.186210+00:00,Bozrah,application_form,https://www.townofbozrah.org/135/Employment-Opportunities,https://www.townofbozrah.org/DocumentCenter/View/167/Employment-Application-PDF,200,True,False,redirected,,8567,2026-04-17T17:33:51.186210+00:00,Application Form URL,https://www.townofbozrah.org/135/Employment-Opportunities,https://www.townofbozrah.org/DocumentCenter/View/167/Employment-Application-PDF,200,False,True
2026-04-17T17:33:51.186210+00:00,Bridgewater,employment_page,https://www.bridgewater-ct.gov/1323/Employment-Opportunities,https://www.bridgewater-ct.gov/1323/Employment-Opportunities,200,False,False,working,,8179,2026-04-17T17:33:51.186210+00:00,Employment Page URL,https://www.bridgewater-ct.gov/1323/Employment-Opportunities,https://www.bridgewater-ct.gov/1323/Employment-Opportunities,200,False,True
2026-04-17T17:33:51.186210+00:00,Branford,employment_page,https://www.branford-ct.gov/273/Employment-Opportunities,https://www.branford-ct.gov/273/Employment-Opportunities,200,False,False,working,,8687,2026-04-17T17:33:51.186210+00:00,Employment Page URL,https://www.branford-ct.gov/273/Employment-Opportunities,https://www.branford-ct.gov/273/Employment-Opportunities,200,False,True
2026-04-17T17:33:51.186210+00:00,Branford,application_form,https://www.branford-ct.gov/DocumentCenter/View/1839/Employment-Application-2025-PDF,https://www.branford-ct.gov/DocumentCenter/View/1839/Employment-Application-2025-PDF,200,False,False,working,,8747,2026-04-17T17:33:51.186210+00:00,Application Form URL,https://www.branford-ct.gov/DocumentCenter/View/1839/Employment-Application-2025-PDF,https://www.branford-ct.gov/DocumentCenter/View/1839/Employment-Application-2025-PDF,200,False,True
2026-04-17T17:33:51.186210+00:00,Brooklyn,employment_page,https://www.brooklynct.org/Jobs.aspx,https://www.brooklynct.org/Jobs.aspx,200,False,False,working,,8430,2026-04-17T17:33:51.186210+00:00,Employment Page URL,https://www.brooklynct.org/Jobs.aspx,https://www.brooklynct.org/Jobs.aspx,200,False,True
2026-04-17T17:33:51.186210+00:00,Bristol,employment_page,https://www.applitrack.com/bristolct/onlineapp/default.asp,https://www.applitrack.com/bristolct/onlineapp/default.asp,200,False,False,working,,9829,2026-04-17T17:33:51.186210+00:00,Employment Page URL,https://www.applitrack.com/bristolct/onlineapp/default.asp,https://www.applitrack.com/bristolct/onlineapp/default.asp,200,False,True
2026-04-17T17:33:51.186210+00:00,Brookfield,application_form,https://brookfieldct.seamlessdocs.com/f/empapp,https://brookfieldct.seamlessdocs.com/f/empapp,200,False,False,working,,9642,2026-04-17T17:33:51.186210+00:00,Application Form URL,https://brookfieldct.seamlessdocs.com/f/empapp,https://brookfieldct.seamlessdocs.com/f/empapp,200,False,True
2026-04-17T17:33:51.186210+00:00,Brookfield,employment_page,https://www.brookfieldct.gov/Jobs.aspx,https://www.brookfieldct.gov/Jobs.aspx,200,False,False,working,,9927,2026-04-17T17:33:51.186210+00:00,Employment Page URL,https://www.brookfieldct.gov/Jobs.aspx,https://www.brookfieldct.gov/Jobs.aspx,200,False,True
2026-04-17T17:33:51.186210+00:00,Brooklyn,application_form,https://brooklynct.seamlessdocs.com/f/ooqk8nzgsrv5,https://brooklynct.seamlessdocs.com/f/ooqk8nzgsrv5,200,False,False,working,,9909,2026-04-17T17:33:51.186210+00:00,Application Form URL,https://brooklynct.seamlessdocs.com/f/ooqk8nzgsrv5,https://brooklynct.seamlessdocs.com/f/ooqk8nzgsrv5,200,False,True
2026-04-17T17:33:51.186210+00:00,Chaplin,application_form,https://www.chaplinct.org/images/Employment%20application%20MASTER2.pdf,https://www.chaplinct.org/images/Employment%20application%20MASTER2.pdf,200,False,False,working,,7625,2026-04-17T17:33:51.186210+00:00,Application Form URL,https://www.chaplinct.org/images/Employment%20application%20MASTER2.pdf,https://www.chaplinct.org/images/Employment%20application%20MASTER2.pdf,200,False,True
2026-04-17T17:33:51.186210+00:00,Canaan,employment_page,https://www.canaanfallsvillage.org/job-openings,https://www.canaanfallsvillage.org/job-openings,200,False,False,working,,9964,2026-04-17T17:33:51.186210+00:00,Employment Page URL,https://www.canaanfallsvillage.org/job-openings,https://www.canaanfallsvillage.org/job-openings,200,False,True
2026-04-17T17:33:51.186210+00:00,Canton,employment_page,https://www.townofcantonct.org/employment-opportunities,https://www.townofcantonct.org/employment-opportunities,200,False,False,working,,10030,2026-04-17T17:33:51.186210+00:00,Employment Page URL,https://www.townofcantonct.org/employment-opportunities,https://www.townofcantonct.org/employment-opportunities,200,False,True
2026-04-17T17:33:51.186210+00:00,Burlington,employment_page,https://www.burlingtonct.gov/Jobs.aspx,https://www.burlingtonct.gov/Jobs.aspx,200,False,False,working,,10654,2026-04-17T17:33:51.186210+00:00,Employment Page URL,https://www.burlingtonct.gov/Jobs.aspx,https://www.burlingtonct.gov/Jobs.aspx,200,False,True
2026-04-17T17:33:51.186210+00:00,Avon,application_form,https://www.avonct.gov/Documents/Departments/Human%20Resources/Employment/employment_application_fillable_9-2021.pdf?t=202507101201100,https://cms2.revize.com/revize/avonct/Documents/Departments/Human%20Resources/Employment/employment_application_fillable_9-2021.pdf?t=202507101201100&t=202507101201100,200,True,False,redirected,,20518,2026-04-17T17:33:51.186210+00:00,Application Form URL,https://www.avonct.gov/Documents/Departments/Human%20Resources/Employment/employment_application_fillable_9-2021.pdf?t=202507101201100,https://cms2.revize.com/revize/avonct/Documents/Departments/Human%20Resources/Employment/employment_application_fillable_9-2021.pdf?t=202507101201100&t=202507101201100,200,False,True
2026-04-17T17:33:51.186210+00:00,Chaplin,employment_page,https://www.chaplinct.org/jobs.htm,https://www.chaplinct.org/jobs.htm,200,False,False,working,,10160,2026-04-17T17:33:51.186210+00:00,Employment Page URL,https://www.chaplinct.org/jobs.htm,https://www.chaplinct.org/jobs.htm,200,False,True
2026-04-17T17:33:51.186210+00:00,Canterbury,employment_page,https://www.canterburyct.org/jobs,https://www.canterburyct.org/jobs,403,False,False,uncertain,,10573,2026-04-17T17:33:51.186210+00:00,Employment Page URL,https://www.canterburyct.org/jobs,https://www.canterburyct.org/jobs,403,False,False
2026-04-17T17:33:51.186210+00:00,Burlington,application_form,https://www.burlingtonct.gov/DocumentCenter/View/162/Employment-Application-PDF,https://www.burlingtonct.gov/DocumentCenter/View/162/Employment-Application-PDF,200,False,False,working,,10719,2026-04-17T17:33:51.186210+00:00,Application Form URL,https://www.burlingtonct.gov/DocumentCenter/View/162/Employment-Application-PDF,https://www.burlingtonct.gov/DocumentCenter/View/162/Employment-Application-PDF,200,False,True
2026-04-17T17:33:51.186210+00:00,Canton,application_form,https://www.townofcantonct.org/filestorage/19342/19345/19524/19526/NEW_Employment_Application_Fillable_12-29-16.pdf,https://www.townofcantonct.org/filestorage/19342/19345/19524/19526/NEW_Employment_Application_Fillable_12-29-16.pdf,200,False,False,working,,10550,2026-04-17T17:33:51.186210+00:00,Application Form URL,https://www.townofcantonct.org/filestorage/19342/19345/19524/19526/NEW_Employment_Application_Fillable_12-29-16.pdf,https://www.townofcantonct.org/filestorage/19342/19345/19524/19526/NEW_Employment_Application_Fillable_12-29-16.pdf,200,False,True
2026-04-17T17:33:51.186210+00:00,Cheshire,employment_page,https://www.cheshirect.gov/Jobs.aspx,https://www.cheshirect.gov/Jobs.aspx,200,False,False,working,,7727,2026-04-17T17:33:51.186210+00:00,Employment Page URL,https://www.cheshirect.gov/Jobs.aspx,https://www.cheshirect.gov/Jobs.aspx,200,False,True
2026-04-17T17:33:51.186210+00:00,Cheshire,application_form,https://www.cheshirect.gov/DocumentCenter/View/580/Application-for-Employment-PDF,https://www.cheshirect.gov/DocumentCenter/View/580/Application-for-Employment-PDF,200,False,False,working,,7714,2026-04-17T17:33:51.186210+00:00,Application Form URL,https://www.cheshirect.gov/DocumentCenter/View/580/Application-for-Employment-PDF,https://www.cheshirect.gov/DocumentCenter/View/580/Application-for-Employment-PDF,200,False,True
2026-04-17T17:33:51.186210+00:00,Chester,application_form,https://www.chesterct.org/DocumentCenter/View/416/Town-of-Chester-Employment-Application,https://www.chesterct.org/DocumentCenter/View/416/Town-of-Chester-Employment-Application,200,False,False,working,,7553,2026-04-17T17:33:51.186210+00:00,Application Form URL,https://www.chesterct.org/DocumentCenter/View/416/Town-of-Chester-Employment-Application,https://www.chesterct.org/DocumentCenter/View/416/Town-of-Chester-Employment-Application,200,False,True
2026-04-17T17:33:51.186210+00:00,Chester,employment_page,https://www.chesterct.org/1196/Employment-Opportunities,https://www.chesterct.org/1196/Employment-Opportunities,200,False,True,suspicious,,7921,2026-04-17T17:33:51.186210+00:00,Employment Page URL,https://www.chesterct.org/1196/Employment-Opportunities,https://www.chesterct.org/1196/Employment-Opportunities,200,True,False
2026-04-17T17:33:51.186210+00:00,Clinton,application_form,https://clintonct.org/DocumentCenter/View/11244/EMPLOYMENT-APPLICATION-REVISED-122020-Text-Fillable,https://clintonct.org/DocumentCenter/View/11244/EMPLOYMENT-APPLICATION-REVISED-122020-Text-Fillable,200,False,False,working,,7594,2026-04-17T17:33:51.186210+00:00,Application Form URL,https://clintonct.org/DocumentCenter/View/11244/EMPLOYMENT-APPLICATION-REVISED-122020-Text-Fillable,https://clintonct.org/DocumentCenter/View/11244/EMPLOYMENT-APPLICATION-REVISED-122020-Text-Fillable,200,False,True
2026-04-17T17:33:51.186210+00:00,Colchester,employment_page,https://www.colchesterct.gov/human-resources/pages/employment-opportunities,https://www.colchesterct.gov/human-resources/pages/employment-opportunities,200,False,False,working,,7446,2026-04-17T17:33:51.186210+00:00,Employment Page URL,https://www.colchesterct.gov/human-resources/pages/employment-opportunities,https://www.colchesterct.gov/human-resources/pages/employment-opportunities,200,False,True
2026-04-17T17:33:51.186210+00:00,Clinton,employment_page,https://clintonct.org/Jobs.aspx,https://clintonct.org/Jobs.aspx,200,False,False,working,,8205,2026-04-17T17:33:51.186210+00:00,Employment Page URL,https://clintonct.org/Jobs.aspx,https://clintonct.org/Jobs.aspx,200,False,True
2026-04-17T17:33:51.186210+00:00,Columbia,employment_page,https://www.columbiact.gov/jobs,https://www.columbiact.gov/jobs,200,False,False,working,,7905,2026-04-17T17:33:51.186210+00:00,Employment Page URL,https://www.columbiact.gov/jobs,https://www.columbiact.gov/jobs,200,False,True
2026-04-17T17:33:51.186210+00:00,Cornwall,employment_page,https://cornwallct.org/employment-and-board-vacancies/,https://cornwallct.org/employment-and-board-vacancies/,200,False,False,working,,7550,2026-04-17T17:33:51.186210+00:00,Employment Page URL,https://cornwallct.org/employment-and-board-vacancies/,https://cornwallct.org/employment-and-board-vacancies/,200,False,True
2026-04-17T17:33:51.186210+00:00,Colchester,application_form,https://www.colchesterct.gov/doing-business-colchester/files/job-application-revised-2025,https://www.colchesterct.gov/sites/g/files/vyhlif16021/f/uploads/townapplication2025_revised.pdf,200,True,False,redirected,,8421,2026-04-17T17:33:51.186210+00:00,Application Form URL,https://www.colchesterct.gov/doing-business-colchester/files/job-application-revised-2025,https://www.colchesterct.gov/sites/g/files/vyhlif16021/f/uploads/townapplication2025_revised.pdf,200,False,True
2026-04-17T17:33:51.186210+00:00,Cornwall,application_form,https://cornwallct.org/wp-content/uploads/2025/04/Town-of-Cornwall-Job-Application.pdf,https://cornwallct.org/wp-content/uploads/2025/04/Town-of-Cornwall-Job-Application.pdf,200,False,False,working,,8196,2026-04-17T17:33:51.186210+00:00,Application Form URL,https://cornwallct.org/wp-content/uploads/2025/04/Town-of-Cornwall-Job-Application.pdf,https://cornwallct.org/wp-content/uploads/2025/04/Town-of-Cornwall-Job-Application.pdf,200,False,True
2026-04-17T17:33:51.186210+00:00,Columbia,application_form,https://www.columbiact.gov/media/27536,https://www.columbiact.gov/media/27536,200,False,False,working,,9331,2026-04-17T17:33:51.186210+00:00,Application Form URL,https://www.columbiact.gov/media/27536,https://www.columbiact.gov/media/27536,200,False,True
2026-04-17T17:33:51.186210+00:00,Coventry,application_form,https://www.coventry-ct.gov/DocumentCenter/View/272,https://www.coventry-ct.gov/DocumentCenter/View/272/Job-Application-Form?bidId=,200,True,False,redirected,,8816,2026-04-17T17:33:51.186210+00:00,Application Form URL,https://www.coventry-ct.gov/DocumentCenter/View/272,https://www.coventry-ct.gov/DocumentCenter/View/272/Job-Application-Form?bidId=,200,False,True
2026-04-17T17:33:51.186210+00:00,Coventry,employment_page,https://www.coventry-ct.gov/Jobs.aspx,https://www.coventry-ct.gov/Jobs.aspx,200,False,False,working,,9437,2026-04-17T17:33:51.186210+00:00,Employment Page URL,https://www.coventry-ct.gov/Jobs.aspx,https://www.coventry-ct.gov/Jobs.aspx,200,False,True
2026-04-17T17:33:51.186210+00:00,Darien,application_form,https://ct-darien.civicplus.com/DocumentCenter/View/491/Employment-Application-PDF,https://ct-darien.civicplus.com/DocumentCenter/View/491/Employment-Application-PDF,200,False,False,working,,9558,2026-04-17T17:33:51.186210+00:00,Application Form URL,https://ct-darien.civicplus.com/DocumentCenter/View/491/Employment-Application-PDF,https://ct-darien.civicplus.com/DocumentCenter/View/491/Employment-Application-PDF,200,False,True
2026-04-17T17:33:51.186210+00:00,Danbury,employment_page,https://www.governmentjobs.com/careers/danburyct,https://www.governmentjobs.com/careers/danburyct,200,False,False,working,,10006,2026-04-17T17:33:51.186210+00:00,Employment Page URL,https://www.governmentjobs.com/careers/danburyct,https://www.governmentjobs.com/careers/danburyct,200,False,True
2026-04-17T17:33:51.186210+00:00,Deep River,employment_page,https://www.deepriverct.us/jobs-bids-and-rfps,https://www.deepriverct.us/jobs-bids-and-rfps,403,False,False,uncertain,,10160,2026-04-17T17:33:51.186210+00:00,Employment Page URL,https://www.deepriverct.us/jobs-bids-and-rfps,https://www.deepriverct.us/jobs-bids-and-rfps,403,False,False
2026-04-17T17:33:51.186210+00:00,Darien,employment_page,https://www.darienct.gov/Jobs.aspx,https://www.darienct.gov/Jobs.aspx,200,False,False,working,,10472,2026-04-17T17:33:51.186210+00:00,Employment Page URL,https://www.darienct.gov/Jobs.aspx,https://www.darienct.gov/Jobs.aspx,200,False,True
2026-04-17T17:33:51.186210+00:00,Deep River,application_form,https://www.deepriverct.us/selectmens-office/files/employment-application-0,https://www.deepriverct.us/selectmens-office/files/employment-application-0,403,False,False,uncertain,,8575,2026-04-17T17:33:51.186210+00:00,Application Form URL,https://www.deepriverct.us/selectmens-office/files/employment-application-0,https://www.deepriverct.us/selectmens-office/files/employment-application-0,403,False,False
2026-04-17T17:33:51.186210+00:00,Durham,application_form,https://cdn.prod.website-files.com/63d982687277ef4cf385a8e7/6480bf3f9742630ac2e34c47_APPLICATION_FOR_EMPLOYMENT_FORM_fillable_rev_March_2014.doc,https://cdn.prod.website-files.com/63d982687277ef4cf385a8e7/6480bf3f9742630ac2e34c47_APPLICATION_FOR_EMPLOYMENT_FORM_fillable_rev_March_2014.doc,200,False,False,working,,8207,2026-04-17T17:33:51.186210+00:00,Application Form URL,https://cdn.prod.website-files.com/63d982687277ef4cf385a8e7/6480bf3f9742630ac2e34c47_APPLICATION_FOR_EMPLOYMENT_FORM_fillable_rev_March_2014.doc,https://cdn.prod.website-files.com/63d982687277ef4cf385a8e7/6480bf3f9742630ac2e34c47_APPLICATION_FOR_EMPLOYMENT_FORM_fillable_rev_March_2014.doc,200,False,True
2026-04-17T17:33:51.186210+00:00,Durham,employment_page,https://www.townofdurhamct.org/job-openings,https://www.townofdurhamct.org/job-openings,200,False,False,working,,8786,2026-04-17T17:33:51.186210+00:00,Employment Page URL,https://www.townofdurhamct.org/job-openings,https://www.townofdurhamct.org/job-openings,200,False,True
2026-04-17T17:33:51.186210+00:00,East Granby,application_form,https://eastgranbyct.org/wp-content/uploads/2024/09/Job-Application.pdf,https://eastgranbyct.org/wp-content/uploads/2024/09/Job-Application.pdf,200,False,False,working,,8526,2026-04-17T17:33:51.186210+00:00,Application Form URL,https://eastgranbyct.org/wp-content/uploads/2024/09/Job-Application.pdf,https://eastgranbyct.org/wp-content/uploads/2024/09/Job-Application.pdf,200,False,True
2026-04-17T17:33:51.186210+00:00,Derby,employment_page,https://www.derbyct.gov/jobs,https://www.derbyct.gov/jobs,200,False,False,working,,9643,2026-04-17T17:33:51.186210+00:00,Employment Page URL,https://www.derbyct.gov/jobs,https://www.derbyct.gov/jobs,200,False,True
2026-04-17T17:33:51.186210+00:00,East Granby,employment_page,https://eastgranbyct.org/employment-opportunities/,https://eastgranbyct.org/employment-opportunities/,200,False,False,working,,9370,2026-04-17T17:33:51.186210+00:00,Employment Page URL,https://eastgranbyct.org/employment-opportunities/,https://eastgranbyct.org/employment-opportunities/,200,False,True
2026-04-17T17:33:51.186210+00:00,East Haddam,employment_page,https://www.easthaddam.org/jobs,https://www.easthaddam.org/jobs,200,False,False,working,,9217,2026-04-17T17:33:51.186210+00:00,Employment Page URL,https://www.easthaddam.org/jobs,https://www.easthaddam.org/jobs,200,False,True
2026-04-17T17:33:51.186210+00:00,East Haddam,application_form,https://www.easthaddam.org/evo_jobs_paper_application_download/1317/,https://www.easthaddam.org/evo_jobs_paper_application_download/1317/,200,False,False,working,,9382,2026-04-17T17:33:51.186210+00:00,Application Form URL,https://www.easthaddam.org/evo_jobs_paper_application_download/1317/,https://www.easthaddam.org/evo_jobs_paper_application_download/1317/,200,False,True
2026-04-17T17:33:51.186210+00:00,East Hampton,employment_page,https://easthamptonct.gov/1281/Job-Openings,https://easthamptonct.gov/1281/Job-Openings,200,False,False,working,,9314,2026-04-17T17:33:51.186210+00:00,Employment Page URL,https://easthamptonct.gov/1281/Job-Openings,https://easthamptonct.gov/1281/Job-Openings,200,False,True
2026-04-17T17:33:51.186210+00:00,East Hampton,application_form,https://easthamptonct.gov/DocumentCenter/View/951/Employment-Application-2-6-2019-PDF,https://easthamptonct.gov/DocumentCenter/View/951/Employment-Application-2-6-2019-PDF,200,False,False,working,,10331,2026-04-17T17:33:51.186210+00:00,Application Form URL,https://easthamptonct.gov/DocumentCenter/View/951/Employment-Application-2-6-2019-PDF,https://easthamptonct.gov/DocumentCenter/View/951/Employment-Application-2-6-2019-PDF,200,False,True
2026-04-17T17:33:51.186210+00:00,East Hartford,employment_page,https://www.governmentjobs.com/careers/easthartfordct,https://www.governmentjobs.com/careers/easthartfordct,200,False,False,working,,9774,2026-04-17T17:33:51.186210+00:00,Employment Page URL,https://www.governmentjobs.com/careers/easthartfordct,https://www.governmentjobs.com/careers/easthartfordct,200,False,True
2026-04-17T17:33:51.186210+00:00,East Haven,employment_page,https://www.easthaven-ct.gov/Jobs.aspx,https://www.easthaven-ct.gov/Jobs.aspx,200,False,False,working,,10057,2026-04-17T17:33:51.186210+00:00,Employment Page URL,https://www.easthaven-ct.gov/Jobs.aspx,https://www.easthaven-ct.gov/Jobs.aspx,200,False,True
2026-04-17T17:33:51.186210+00:00,East Haven,application_form,https://www.easthaven-ct.gov/DocumentCenter/View/657,https://www.easthaven-ct.gov/DocumentCenter/View/657/Standard-Application?bidId=,200,True,False,redirected,,10174,2026-04-17T17:33:51.186210+00:00,Application Form URL,https://www.easthaven-ct.gov/DocumentCenter/View/657,https://www.easthaven-ct.gov/DocumentCenter/View/657/Standard-Application?bidId=,200,False,True
2026-04-17T17:33:51.186210+00:00,East Lyme,employment_page,https://eltownhall.com/government/departments/human-resources/,,,False,False,broken,"HTTPSConnectionPool(host='eltownhall.com', port=443): Max retries exceeded with url: /government/departments/human-resources/ (Caused by SSLError(SSLEOFError(8, '[SSL: UNEXPECTED_EOF_WHILE_READING] EOF occurred in violation of protocol (_ssl.c:1081)')))",9784,2026-04-17T17:33:51.186210+00:00,Employment Page URL,https://eltownhall.com/government/departments/human-resources/,,,False,False
2026-04-17T17:33:51.186210+00:00,East Lyme,application_form,https://eltownhall.com/wp-content/uploads/2025/05/Town-of-East-Lyme-Employment-Application.pdf,,,False,False,broken,"HTTPSConnectionPool(host='eltownhall.com', port=443): Max retries exceeded with url: /wp-content/uploads/2025/05/Town-of-East-Lyme-Employment-Application.pdf (Caused by SSLError(SSLEOFError(8, '[SSL: UNEXPECTED_EOF_WHILE_READING] EOF occurred in violation of protocol (_ssl.c:1081)')))",9731,2026-04-17T17:33:51.186210+00:00,Application Form URL,https://eltownhall.com/wp-content/uploads/2025/05/Town-of-East-Lyme-Employment-Application.pdf,,,False,False
2026-04-17T17:33:51.186210+00:00,Cromwell,employment_page,https://www.cromwellct.com/human-resources/pages/current-employment-opportunities,https://www.cromwellct.gov/human-resources/pages/current-employment-opportunities,404,True,False,broken,,19737,2026-04-17T17:33:51.186210+00:00,Employment Page URL,https://www.cromwellct.com/human-resources/pages/current-employment-opportunities,https://www.cromwellct.gov/human-resources/pages/current-employment-opportunities,404,False,False
2026-04-17T17:33:51.186210+00:00,East Windsor,employment_page,https://www.eastwindsor-ct.gov/employment-opportunities,https://www.eastwindsor-ct.gov/employment-opportunities,403,False,False,uncertain,,9560,2026-04-17T17:33:51.186210+00:00,Employment Page URL,https://www.eastwindsor-ct.gov/employment-opportunities,https://www.eastwindsor-ct.gov/employment-opportunities,403,False,False
2026-04-17T17:33:51.186210+00:00,Cromwell,application_form,https://www.cromwellct.com/human-resources/files/town-cromwell-application-0,https://www.cromwellct.gov/human-resources/files/town-cromwell-application-0,404,True,False,broken,,19691,2026-04-17T17:33:51.186210+00:00,Application Form URL,https://www.cromwellct.com/human-resources/files/town-cromwell-application-0,https://www.cromwellct.gov/human-resources/files/town-cromwell-application-0,404,False,False
2026-04-17T17:33:51.186210+00:00,Easton,employment_page,https://www.eastonct.gov/home/pages/job-postings-all-job-postings-for-the-town-of-easton,https://www.eastonct.gov/home/pages/job-postings-all-job-postings-for-the-town-of-easton,403,False,False,uncertain,,9617,2026-04-17T17:33:51.186210+00:00,Employment Page URL,https://www.eastonct.gov/home/pages/job-postings-all-job-postings-for-the-town-of-easton,https://www.eastonct.gov/home/pages/job-postings-all-job-postings-for-the-town-of-easton,403,False,False
2026-04-17T17:33:51.186210+00:00,Ellington,application_form,https://workforcenow.adp.com/mascsr/default/mdf/recruitment/recruitment.html?cid=70dba418-861c-42ec-bf66-a276b06c75cc&ccId=19000101_000003&lang=en_US&$top=6&jwId=SYS:JW:001&joinTC=joinTC&jwId=SYS:JW:001,https://workforcenow.adp.com/mascsr/default/mdf/recruitment/recruitment.html?cid=70dba418-861c-42ec-bf66-a276b06c75cc&ccId=19000101_000003&lang=en_US&$top=6&jwId=SYS:JW:001&joinTC=joinTC&jwId=SYS:JW:001,200,False,False,working,,8019,2026-04-17T17:33:51.186210+00:00,Application Form URL,https://workforcenow.adp.com/mascsr/default/mdf/recruitment/recruitment.html?cid=70dba418-861c-42ec-bf66-a276b06c75cc&ccId=19000101_000003&lang=en_US&$top=6&jwId=SYS:JW:001&joinTC=joinTC&jwId=SYS:JW:001,https://workforcenow.adp.com/mascsr/default/mdf/recruitment/recruitment.html?cid=70dba418-861c-42ec-bf66-a276b06c75cc&ccId=19000101_000003&lang=en_US&$top=6&jwId=SYS:JW:001&joinTC=joinTC&jwId=SYS:JW:001,200,False,True
2026-04-17T17:33:51.186210+00:00,East Windsor,application_form,https://www.eastwindsor-ct.gov/employment-opportunities/files/town-east-windsor-employment-application,https://www.eastwindsor-ct.gov/employment-opportunities/files/town-east-windsor-employment-application,403,False,False,uncertain,,10981,2026-04-17T17:33:51.186210+00:00,Application Form URL,https://www.eastwindsor-ct.gov/employment-opportunities/files/town-east-windsor-employment-application,https://www.eastwindsor-ct.gov/employment-opportunities/files/town-east-windsor-employment-application,403,False,False
2026-04-17T17:33:51.186210+00:00,Easton,application_form,https://www.eastonct.gov/sites/g/files/vyhlif3071/f/u236/easton_employment_application.pdf,https://www.eastonct.gov/sites/g/files/vyhlif3071/f/u236/easton_employment_application.pdf,200,False,False,working,,8955,2026-04-17T17:33:51.186210+00:00,Application Form URL,https://www.eastonct.gov/sites/g/files/vyhlif3071/f/u236/easton_employment_application.pdf,https://www.eastonct.gov/sites/g/files/vyhlif3071/f/u236/easton_employment_application.pdf,200,False,True
2026-04-17T17:33:51.186210+00:00,Essex,employment_page,https://www.essexct.gov/354/Employment-Opportunities,https://www.essexct.gov/354/Employment-Opportunities,200,False,False,working,,8434,2026-04-17T17:33:51.186210+00:00,Employment Page URL,https://www.essexct.gov/354/Employment-Opportunities,https://www.essexct.gov/354/Employment-Opportunities,200,False,True
2026-04-17T17:33:51.186210+00:00,Essex,application_form,https://www.essexct.gov/DocumentCenter/View/873/Application-for-Employment---FillablePDF,https://www.essexct.gov/DocumentCenter/View/873/Application-for-Employment---FillablePDF,200,False,False,working,,8225,2026-04-17T17:33:51.186210+00:00,Application Form URL,https://www.essexct.gov/DocumentCenter/View/873/Application-for-Employment---FillablePDF,https://www.essexct.gov/DocumentCenter/View/873/Application-for-Employment---FillablePDF,200,False,True
2026-04-17T17:33:51.186210+00:00,Fairfield,employment_page,https://www.governmentjobs.com/careers/fairfieldct,https://www.governmentjobs.com/careers/fairfieldct,200,False,False,working,,8071,2026-04-17T17:33:51.186210+00:00,Employment Page URL,https://www.governmentjobs.com/careers/fairfieldct,https://www.governmentjobs.com/careers/fairfieldct,200,False,True
2026-04-17T17:33:51.186210+00:00,Enfield,employment_page,https://enfield.munisselfservice.com/employmentopportunities/default.aspx,https://enfield.munisselfservice.com/employmentopportunities/default.aspx,200,False,False,working,,9069,2026-04-17T17:33:51.186210+00:00,Employment Page URL,https://enfield.munisselfservice.com/employmentopportunities/default.aspx,https://enfield.munisselfservice.com/employmentopportunities/default.aspx,200,False,True
2026-04-17T17:33:51.186210+00:00,Farmington,employment_page,https://www.farmington-ct.org/about-farmington/employment,https://www.farmington-ct.org/about-farmington/employment,403,False,False,uncertain,,7136,2026-04-17T17:33:51.186210+00:00,Employment Page URL,https://www.farmington-ct.org/about-farmington/employment,https://www.farmington-ct.org/about-farmington/employment,403,False,False
2026-04-17T17:33:51.186210+00:00,Ellington,employment_page,https://www.ellington-ct.gov/departments-and-services/human-resources/job-opportunities,https://www.ellington-ct.gov/departments-and-services/human-resources/job-opportunities,200,False,False,working,,10285,2026-04-17T17:33:51.186210+00:00,Employment Page URL,https://www.ellington-ct.gov/departments-and-services/human-resources/job-opportunities,https://www.ellington-ct.gov/departments-and-services/human-resources/job-opportunities,200,False,True
2026-04-17T17:33:51.186210+00:00,Franklin,employment_page,https://www.franklinct.gov/home/pages/job-openings,https://www.franklinct.gov/home/pages/job-openings,404,False,False,broken,,7253,2026-04-17T17:33:51.186210+00:00,Employment Page URL,https://www.franklinct.gov/home/pages/job-openings,https://www.franklinct.gov/home/pages/job-openings,404,False,False
2026-04-17T17:33:51.186210+00:00,Goshen,employment_page,https://www.goshenct.gov/job-opportunities,https://www.goshenct.gov/job-opportunities,403,False,False,uncertain,,6777,2026-04-17T17:33:51.186210+00:00,Employment Page URL,https://www.goshenct.gov/job-opportunities,https://www.goshenct.gov/job-opportunities,403,False,False
2026-04-17T17:33:51.186210+00:00,Glastonbury,employment_page,https://www.paycomonline.net/v4/ats/web.php/jobs?clientkey=D8B0164E5A6DABD9CC58F3275F055828,,,False,False,broken,"('Connection aborted.', ConnectionResetError(10054, 'An existing connection was forcibly closed by the remote host', None, 10054, None))",10342,2026-04-17T17:33:51.186210+00:00,Employment Page URL,https://www.paycomonline.net/v4/ats/web.php/jobs?clientkey=D8B0164E5A6DABD9CC58F3275F055828,,,False,False
2026-04-17T17:33:51.186210+00:00,Goshen,application_form,https://www.goshenct.gov/sites/g/files/vyhlif626/f/uploads/jobappfill.docx,https://www.goshenct.gov/sites/g/files/vyhlif626/f/uploads/jobappfill.docx,200,False,False,working,,10181,2026-04-17T17:33:51.186210+00:00,Application Form URL,https://www.goshenct.gov/sites/g/files/vyhlif626/f/uploads/jobappfill.docx,https://www.goshenct.gov/sites/g/files/vyhlif626/f/uploads/jobappfill.docx,200,False,True
2026-04-17T17:33:51.186210+00:00,Greenwich,employment_page,https://www.governmentjobs.com/careers/greenwichct,https://www.governmentjobs.com/careers/greenwichct,200,False,False,working,,10594,2026-04-17T17:33:51.186210+00:00,Employment Page URL,https://www.governmentjobs.com/careers/greenwichct,https://www.governmentjobs.com/careers/greenwichct,200,False,True
2026-04-17T17:33:51.186210+00:00,Griswold,employment_page,https://www.griswold-ct.org/how_do_i/apply_for_obtain/employment_opportunities.php,https://www.griswold-ct.org/how_do_i/apply_for_obtain/employment_opportunities.php,200,False,False,working,,10473,2026-04-17T17:33:51.186210+00:00,Employment Page URL,https://www.griswold-ct.org/how_do_i/apply_for_obtain/employment_opportunities.php,https://www.griswold-ct.org/how_do_i/apply_for_obtain/employment_opportunities.php,200,False,True
2026-04-17T17:33:51.186210+00:00,Groton,employment_page,https://www.irecruit-us.com/index.php?OrgID=I20101202,https://www.irecruit-us.com/index.php?OrgID=I20101202,200,False,False,working,,10699,2026-04-17T17:33:51.186210+00:00,Employment Page URL,https://www.irecruit-us.com/index.php?OrgID=I20101202,https://www.irecruit-us.com/index.php?OrgID=I20101202,200,False,True
2026-04-17T17:33:51.186210+00:00,Granby,employment_page,https://ct-granby.civicplus.com/Jobs.aspx,https://ct-granby.civicplus.com/Jobs.aspx,200,False,False,working,,11898,2026-04-17T17:33:51.186210+00:00,Employment Page URL,https://ct-granby.civicplus.com/Jobs.aspx,https://ct-granby.civicplus.com/Jobs.aspx,200,False,True
2026-04-17T17:33:51.186210+00:00,Guilford,employment_page,https://www.guilfordct.gov/town_departments/human_resources/job_listings.php,https://www.guilfordct.gov/town_departments/human_resources/job_listings.php,200,False,False,working,,10319,2026-04-17T17:33:51.186210+00:00,Employment Page URL,https://www.guilfordct.gov/town_departments/human_resources/job_listings.php,https://www.guilfordct.gov/town_departments/human_resources/job_listings.php,200,False,True
2026-04-17T17:33:51.186210+00:00,Haddam,application_form,https://www.haddam.org/DocumentCenter/View/627/Employment-Application-PDF,https://www.haddam.org/DocumentCenter/View/627/Employment-Application-PDF,200,False,False,working,,9432,2026-04-17T17:33:51.186210+00:00,Application Form URL,https://www.haddam.org/DocumentCenter/View/627/Employment-Application-PDF,https://www.haddam.org/DocumentCenter/View/627/Employment-Application-PDF,200,False,True
2026-04-17T17:33:51.186210+00:00,Hartford,employment_page,https://www.governmentjobs.com/careers/hartfordct,https://www.governmentjobs.com/careers/hartfordct,200,False,False,working,,9352,2026-04-17T17:33:51.186210+00:00,Employment Page URL,https://www.governmentjobs.com/careers/hartfordct,https://www.governmentjobs.com/careers/hartfordct,200,False,True
2026-04-17T17:33:51.186210+00:00,Hampton,employment_page,https://www.hamptonct.org/help_wanted.htm,https://www.hamptonct.org/help_wanted.htm,200,False,False,working,,9627,2026-04-17T17:33:51.186210+00:00,Employment Page URL,https://www.hamptonct.org/help_wanted.htm,https://www.hamptonct.org/help_wanted.htm,200,False,True
2026-04-17T17:33:51.186210+00:00,Hamden,employment_page,https://www.hamden.com/Jobs.aspx,https://www.hamden.com/Jobs.aspx,200,False,False,working,,10423,2026-04-17T17:33:51.186210+00:00,Employment Page URL,https://www.hamden.com/Jobs.aspx,https://www.hamden.com/Jobs.aspx,200,False,True
2026-04-17T17:33:51.186210+00:00,Harwinton,employment_page,https://www.harwinton.gov/820/Employment,https://www.harwinton.gov/820/Employment,200,False,False,working,,9592,2026-04-17T17:33:51.186210+00:00,Employment Page URL,https://www.harwinton.gov/820/Employment,https://www.harwinton.gov/820/Employment,200,False,True
2026-04-17T17:33:51.186210+00:00,Hebron,application_form,https://hebronct.com/uploads/2019/02/Hebron-Employment-Application-APPROVED-VERSION-WEB-and-DEPARTMENTS.pdf,https://hebronct.com/uploads/2019/02/Hebron-Employment-Application-APPROVED-VERSION-WEB-and-DEPARTMENTS.pdf,200,False,False,working,,9125,2026-04-17T17:33:51.186210+00:00,Application Form URL,https://hebronct.com/uploads/2019/02/Hebron-Employment-Application-APPROVED-VERSION-WEB-and-DEPARTMENTS.pdf,https://hebronct.com/uploads/2019/02/Hebron-Employment-Application-APPROVED-VERSION-WEB-and-DEPARTMENTS.pdf,200,False,True
2026-04-17T17:33:51.186210+00:00,Hamden,application_form,https://www.hamden.com/DocumentCenter/View/1626/Hamden-Job-Application---April-2019---PDF,https://www.hamden.com/DocumentCenter/View/1626/Hamden-Job-Application---April-2019---PDF,200,False,False,working,,10165,2026-04-17T17:33:51.186210+00:00,Application Form URL,https://www.hamden.com/DocumentCenter/View/1626/Hamden-Job-Application---April-2019---PDF,https://www.hamden.com/DocumentCenter/View/1626/Hamden-Job-Application---April-2019---PDF,200,False,True
2026-04-17T17:33:51.186210+00:00,Harwinton,application_form,https://www.harwinton.gov/DocumentCenter/View/702/Municipal-Employment-Application-PDF,https://www.harwinton.gov/DocumentCenter/View/702/Municipal-Employment-Application-PDF,200,False,False,working,,9569,2026-04-17T17:33:51.186210+00:00,Application Form URL,https://www.harwinton.gov/DocumentCenter/View/702/Municipal-Employment-Application-PDF,https://www.harwinton.gov/DocumentCenter/View/702/Municipal-Employment-Application-PDF,200,False,True
2026-04-17T17:33:51.186210+00:00,Hebron,employment_page,https://hebronct.com/contact-us/employment/,https://hebronct.com/contact-us/employment/,200,False,False,working,,10575,2026-04-17T17:33:51.186210+00:00,Employment Page URL,https://hebronct.com/contact-us/employment/,https://hebronct.com/contact-us/employment/,200,False,True
2026-04-17T17:33:51.186210+00:00,Kent,employment_page,https://www.townofkentct.gov/home/pages/employment-opportunities,https://www.townofkentct.gov/home/pages/employment-opportunities,403,False,False,uncertain,,9947,2026-04-17T17:33:51.186210+00:00,Employment Page URL,https://www.townofkentct.gov/home/pages/employment-opportunities,https://www.townofkentct.gov/home/pages/employment-opportunities,403,False,False
2026-04-17T17:33:51.186210+00:00,Killingly,employment_page,https://www.killinglyct.gov/employment_opportunites/index.php,https://www.killinglyct.gov/employment_opportunites/index.php,200,False,False,working,,10613,2026-04-17T17:33:51.186210+00:00,Employment Page URL,https://www.killinglyct.gov/employment_opportunites/index.php,https://www.killinglyct.gov/employment_opportunites/index.php,200,False,True
2026-04-17T17:33:51.186210+00:00,Killingworth,employment_page,https://townofkillingworth.com/employment-opportunities/,https://townofkillingworth.com/employment-opportunities/,200,False,False,working,,10251,2026-04-17T17:33:51.186210+00:00,Employment Page URL,https://townofkillingworth.com/employment-opportunities/,https://townofkillingworth.com/employment-opportunities/,200,False,True
2026-04-17T17:33:51.186210+00:00,Guilford,application_form,https://www.guilfordct.gov/Document_Center/Department/Human%20Resources/Employment-Application-2-8.1.2018V6.pdf,https://cms5.revize.com/revize/guilfordct/Document_Center/Department/Human%20Resources/Employment-Application-2-8.1.2018V6.pdf,200,True,False,redirected,,18050,2026-04-17T17:33:51.186210+00:00,Application Form URL,https://www.guilfordct.gov/Document_Center/Department/Human%20Resources/Employment-Application-2-8.1.2018V6.pdf,https://cms5.revize.com/revize/guilfordct/Document_Center/Department/Human%20Resources/Employment-Application-2-8.1.2018V6.pdf,200,False,True
2026-04-17T17:33:51.186210+00:00,Killingworth,application_form,https://townofkillingworth.com/wp-content/uploads/2025/02/Employment-application-Town-of-Killingworth.pdf,https://townofkillingworth.com/wp-content/uploads/2025/02/Employment-application-Town-of-Killingworth.pdf,200,False,False,working,,10280,2026-04-17T17:33:51.186210+00:00,Application Form URL,https://townofkillingworth.com/wp-content/uploads/2025/02/Employment-application-Town-of-Killingworth.pdf,https://townofkillingworth.com/wp-content/uploads/2025/02/Employment-application-Town-of-Killingworth.pdf,200,False,True
2026-04-17T17:33:51.186210+00:00,Litchfield,employment_page,https://www.townoflitchfieldct.gov/job-openings,https://www.townoflitchfieldct.gov/job-openings,200,False,False,working,,9415,2026-04-17T17:33:51.186210+00:00,Employment Page URL,https://www.townoflitchfieldct.gov/job-openings,https://www.townoflitchfieldct.gov/job-openings,200,False,True
2026-04-17T17:33:51.186210+00:00,Griswold,application_form,https://www.griswold-ct.org/employment%20app%20rev%202021%20non%20fillable.pdf?t=202510021326250,https://cms8.revize.com/revize/griswoldct/employment%20app%20rev%202021%20non%20fillable.pdf?t=202510021326250&t=202510021326250,200,True,False,redirected,,22289,2026-04-17T17:33:51.186210+00:00,Application Form URL,https://www.griswold-ct.org/employment%20app%20rev%202021%20non%20fillable.pdf?t=202510021326250,https://cms8.revize.com/revize/griswoldct/employment%20app%20rev%202021%20non%20fillable.pdf?t=202510021326250&t=202510021326250,200,False,True
2026-04-17T17:33:51.186210+00:00,Lyme,employment_page,https://townlyme.org/help-wanted/,https://townlyme.org/help-wanted/,200,False,False,working,,9816,2026-04-17T17:33:51.186210+00:00,Employment Page URL,https://townlyme.org/help-wanted/,https://townlyme.org/help-wanted/,200,False,True
2026-04-17T17:33:51.186210+00:00,Lebanon,employment_page,https://www.lebanonct.gov/home/pages/employment-opportunities,https://www.lebanonct.gov/home/pages/employment-opportunities,403,False,False,uncertain,,12107,2026-04-17T17:33:51.186210+00:00,Employment Page URL,https://www.lebanonct.gov/home/pages/employment-opportunities,https://www.lebanonct.gov/home/pages/employment-opportunities,403,False,False
2026-04-17T17:33:51.186210+00:00,Lebanon,application_form,https://www.lebanonct.gov/sites/g/files/vyhlif4596/f/pages/employment_application_2023.pdf,https://www.lebanonct.gov/sites/g/files/vyhlif4596/f/pages/employment_application_2023.pdf,200,False,False,working,,11788,2026-04-17T17:33:51.186210+00:00,Application Form URL,https://www.lebanonct.gov/sites/g/files/vyhlif4596/f/pages/employment_application_2023.pdf,https://www.lebanonct.gov/sites/g/files/vyhlif4596/f/pages/employment_application_2023.pdf,200,False,True
2026-04-17T17:33:51.186210+00:00,Ledyard,application_form,https://www.ledyardct.org/DocumentCenter/View/217/Application-for-Employment,https://www.ledyardct.org/DocumentCenter/View/217/Application-for-Employment,200,False,False,working,,11574,2026-04-17T17:33:51.186210+00:00,Application Form URL,https://www.ledyardct.org/DocumentCenter/View/217/Application-for-Employment,https://www.ledyardct.org/DocumentCenter/View/217/Application-for-Employment,200,False,True
2026-04-17T17:33:51.186210+00:00,Litchfield,application_form,https://cdn.prod.website-files.com/60217b2eafae3927ca1ca259/68d197e80f9bc98926ae2fdc_Town%2520of%2520Litchfield%2520Employment%2520Application%2520%25282%2529.pdf,https://cdn.prod.website-files.com/60217b2eafae3927ca1ca259/68d197e80f9bc98926ae2fdc_Town%2520of%2520Litchfield%2520Employment%2520Application%2520%25282%2529.pdf,200,False,False,working,,10448,2026-04-17T17:33:51.186210+00:00,Application Form URL,https://cdn.prod.website-files.com/60217b2eafae3927ca1ca259/68d197e80f9bc98926ae2fdc_Town%2520of%2520Litchfield%2520Employment%2520Application%2520%25282%2529.pdf,https://cdn.prod.website-files.com/60217b2eafae3927ca1ca259/68d197e80f9bc98926ae2fdc_Town%2520of%2520Litchfield%2520Employment%2520Application%2520%25282%2529.pdf,200,False,True
2026-04-17T17:33:51.186210+00:00,Manchester,employment_page,https://www.manchesterct.gov/Government/Departments/Human-Resources/Employment-Opportunities-with-the-Town-of-Manchester,https://www.manchesterct.gov/Government/Departments/Human-Resources/Employment-Opportunities-with-the-Town-of-Manchester,200,False,False,working,,10161,2026-04-17T17:33:51.186210+00:00,Employment Page URL,https://www.manchesterct.gov/Government/Departments/Human-Resources/Employment-Opportunities-with-the-Town-of-Manchester,https://www.manchesterct.gov/Government/Departments/Human-Resources/Employment-Opportunities-with-the-Town-of-Manchester,200,False,True
2026-04-17T17:33:51.186210+00:00,Ledyard,employment_page,https://www.ledyardct.org/87/Job-Opportunities,https://www.ledyardct.org/87/Job-Opportunities,200,False,False,working,,11961,2026-04-17T17:33:51.186210+00:00,Employment Page URL,https://www.ledyardct.org/87/Job-Opportunities,https://www.ledyardct.org/87/Job-Opportunities,200,False,True
2026-04-17T17:33:51.186210+00:00,Madison,employment_page,https://www.madisonct.org/jobs.aspx,https://www.madisonct.org/jobs.aspx,200,False,False,working,,10432,2026-04-17T17:33:51.186210+00:00,Employment Page URL,https://www.madisonct.org/jobs.aspx,https://www.madisonct.org/jobs.aspx,200,False,True
2026-04-17T17:33:51.186210+00:00,Groton,application_form,https://www.groton-ct.gov/document_center/Departments/Human%20Resource/Employment%20application%202021.pdf,https://cms9files.revize.com/grotonct/document_center/Departments/Human%20Resource/Employment%20application%202021.pdf,200,True,False,redirected,,23051,2026-04-17T17:33:51.186210+00:00,Application Form URL,https://www.groton-ct.gov/document_center/Departments/Human%20Resource/Employment%20application%202021.pdf,https://cms9files.revize.com/grotonct/document_center/Departments/Human%20Resource/Employment%20application%202021.pdf,200,False,True
2026-04-17T17:33:51.186210+00:00,Madison,application_form,https://madisonct.org/FormCenter/Job-Applications-5/Employment-Application-54,https://madisonct.org/FormCenter/Job-Applications-5/Employment-Application-54,200,False,False,working,,10710,2026-04-17T17:33:51.186210+00:00,Application Form URL,https://madisonct.org/FormCenter/Job-Applications-5/Employment-Application-54,https://madisonct.org/FormCenter/Job-Applications-5/Employment-Application-54,200,False,True
2026-04-17T17:33:51.186210+00:00,Manchester,application_form,https://jobs.keldair.com/manchesterct,https://jobs.keldair.com/manchesterct,200,False,False,working,,9443,2026-04-17T17:33:51.186210+00:00,Application Form URL,https://jobs.keldair.com/manchesterct,https://jobs.keldair.com/manchesterct,200,False,True
2026-04-17T17:33:51.186210+00:00,Mansfield,employment_page,https://www.applitrack.com/mansfieldct/onlineapp/jobpostings/view.asp?internaltransferform.Url=,https://www.applitrack.com/mansfieldct/onlineapp/jobpostings/view.asp?internaltransferform.Url=,200,False,False,working,,9504,2026-04-17T17:33:51.186210+00:00,Employment Page URL,https://www.applitrack.com/mansfieldct/onlineapp/jobpostings/view.asp?internaltransferform.Url=,https://www.applitrack.com/mansfieldct/onlineapp/jobpostings/view.asp?internaltransferform.Url=,200,False,True
2026-04-17T17:33:51.186210+00:00,Lisbon,employment_page,https://www.lisbonct.gov/jobs.aspx,https://www.lisbonct.gov/jobs.aspx,200,False,False,working,,12643,2026-04-17T17:33:51.186210+00:00,Employment Page URL,https://www.lisbonct.gov/jobs.aspx,https://www.lisbonct.gov/jobs.aspx,200,False,True
2026-04-17T17:33:51.186210+00:00,Lisbon,application_form,https://www.lisbonct.gov/DocumentCenter/View/547/Application-for-Employment-PDF,https://www.lisbonct.gov/DocumentCenter/View/547/Application-for-Employment-PDF,200,False,False,working,,12065,2026-04-17T17:33:51.186210+00:00,Application Form URL,https://www.lisbonct.gov/DocumentCenter/View/547/Application-for-Employment-PDF,https://www.lisbonct.gov/DocumentCenter/View/547/Application-for-Employment-PDF,200,False,True
2026-04-17T17:33:51.186210+00:00,Meriden,employment_page,https://www.meridenct.gov/government/departments/human-resources/careers/,https://www.meridenct.gov/government/departments/human-resources/careers/,200,False,False,working,,8007,2026-04-17T17:33:51.186210+00:00,Employment Page URL,https://www.meridenct.gov/government/departments/human-resources/careers/,https://www.meridenct.gov/government/departments/human-resources/careers/,200,False,True
2026-04-17T17:33:51.186210+00:00,Marlborough,employment_page,https://www.marlboroughct.net/government/open_positions.php,https://www.marlboroughct.net/government/open_positions.php,200,False,False,working,,10814,2026-04-17T17:33:51.186210+00:00,Employment Page URL,https://www.marlboroughct.net/government/open_positions.php,https://www.marlboroughct.net/government/open_positions.php,200,False,True
2026-04-17T17:33:51.186210+00:00,Meriden,application_form,https://www.meridenct.gov/Customer-Content/www/CMS/files/Employment_Application_fillable_.pdf,https://www.meridenct.gov/Customer-Content/www/CMS/files/Employment_Application_fillable_.pdf,200,False,False,working,,10497,2026-04-17T17:33:51.186210+00:00,Application Form URL,https://www.meridenct.gov/Customer-Content/www/CMS/files/Employment_Application_fillable_.pdf,https://www.meridenct.gov/Customer-Content/www/CMS/files/Employment_Application_fillable_.pdf,200,False,True
2026-04-17T17:33:51.186210+00:00,Middlebury,employment_page,https://www.middlebury-ct.org/employment,https://www.middlebury-ct.org/employment,403,False,False,uncertain,,9299,2026-04-17T17:33:51.186210+00:00,Employment Page URL,https://www.middlebury-ct.org/employment,https://www.middlebury-ct.org/employment,403,False,False
2026-04-17T17:33:51.186210+00:00,Middlefield,employment_page,https://www.middlefieldct.org/Jobs.aspx,https://www.middlefieldct.org/Jobs.aspx,200,False,False,working,,10108,2026-04-17T17:33:51.186210+00:00,Employment Page URL,https://www.middlefieldct.org/Jobs.aspx,https://www.middlefieldct.org/Jobs.aspx,200,False,True
2026-04-17T17:33:51.186210+00:00,Montville,employment_page,https://www.townofmontville.org/careers/,https://www.townofmontville.org/careers/,200,False,False,working,,9640,2026-04-17T17:33:51.186210+00:00,Employment Page URL,https://www.townofmontville.org/careers/,https://www.townofmontville.org/careers/,200,False,True
2026-04-17T17:33:51.186210+00:00,Morris,employment_page,https://www.morrisct.gov/job-openings,https://www.morrisct.gov/job-openings,200,False,False,working,,10054,2026-04-17T17:33:51.186210+00:00,Employment Page URL,https://www.morrisct.gov/job-openings,https://www.morrisct.gov/job-openings,200,False,True
2026-04-17T17:33:51.186210+00:00,Newington,employment_page,https://www.newingtonct.gov/1179/Employment-Opportunities,https://www.newingtonct.gov/1179/Employment-Opportunities,200,False,False,working,,9991,2026-04-17T17:33:51.186210+00:00,Employment Page URL,https://www.newingtonct.gov/1179/Employment-Opportunities,https://www.newingtonct.gov/1179/Employment-Opportunities,200,False,True
2026-04-17T17:33:51.186210+00:00,Monroe,employment_page,https://www.monroect.gov/p/available-positions,https://www.monroect.gov/p/available-positions,200,False,False,working,,10917,2026-04-17T17:33:51.186210+00:00,Employment Page URL,https://www.monroect.gov/p/available-positions,https://www.monroect.gov/p/available-positions,200,False,True
2026-04-17T17:33:51.186210+00:00,Monroe,application_form,https://www.monroect.gov/p/application-for-employment,https://www.monroect.gov/p/application-for-employment,200,False,False,working,,10719,2026-04-17T17:33:51.186210+00:00,Application Form URL,https://www.monroect.gov/p/application-for-employment,https://www.monroect.gov/p/application-for-employment,200,False,True
2026-04-17T17:33:51.186210+00:00,Middletown,employment_page,https://www.governmentjobs.com/careers/middletownct,https://www.governmentjobs.com/careers/middletownct,200,False,False,working,,11081,2026-04-17T17:33:51.186210+00:00,Employment Page URL,https://www.governmentjobs.com/careers/middletownct,https://www.governmentjobs.com/careers/middletownct,200,False,True
2026-04-17T17:33:51.186210+00:00,Middlebury,application_form,https://www.middlebury-ct.org/sites/g/files/vyhlif6871/f/pages/town_of_middlebury_application_for_employment.pdf,https://www.middlebury-ct.org/sites/g/files/vyhlif6871/f/pages/town_of_middlebury_application_for_employment.pdf,200,False,False,working,,11297,2026-04-17T17:33:51.186210+00:00,Application Form URL,https://www.middlebury-ct.org/sites/g/files/vyhlif6871/f/pages/town_of_middlebury_application_for_employment.pdf,https://www.middlebury-ct.org/sites/g/files/vyhlif6871/f/pages/town_of_middlebury_application_for_employment.pdf,200,False,True
2026-04-17T17:33:51.186210+00:00,Montville,application_form,https://www.townofmontville.org/form-repository/DownloadFile.aspx?FileID=1031,https://www.townofmontville.org/form-repository/DownloadFile.aspx?FileID=1031,200,False,False,working,,10708,2026-04-17T17:33:51.186210+00:00,Application Form URL,https://www.townofmontville.org/form-repository/DownloadFile.aspx?FileID=1031,https://www.townofmontville.org/form-repository/DownloadFile.aspx?FileID=1031,200,False,True
2026-04-17T17:33:51.186210+00:00,Milford,employment_page,https://www.milfordct.us/767/Employment-Opportunities,https://www.milfordct.us/767/Employment-Opportunities,200,False,False,working,,11126,2026-04-17T17:33:51.186210+00:00,Employment Page URL,https://www.milfordct.us/767/Employment-Opportunities,https://www.milfordct.us/767/Employment-Opportunities,200,False,True
2026-04-17T17:33:51.186210+00:00,Naugatuck,application_form,http://www.naugatuck-ct.gov/filestorage/166/203/1586/ApplicationforEmployment.pdf,https://www.naugatuck-ct.gov/filestorage/166/203/1586/ApplicationforEmployment.pdf,200,True,False,redirected,,10430,2026-04-17T17:33:51.186210+00:00,Application Form URL,http://www.naugatuck-ct.gov/filestorage/166/203/1586/ApplicationforEmployment.pdf,https://www.naugatuck-ct.gov/filestorage/166/203/1586/ApplicationforEmployment.pdf,200,False,True
2026-04-17T17:33:51.186210+00:00,Newtown,application_form,https://www.newtown-ct.gov/human-resources/files/employment-application-0,https://www.newtown-ct.gov/human-resources/files/employment-application-0,403,False,False,uncertain,,9971,2026-04-17T17:33:51.186210+00:00,Application Form URL,https://www.newtown-ct.gov/human-resources/files/employment-application-0,https://www.newtown-ct.gov/human-resources/files/employment-application-0,403,False,False
2026-04-17T17:33:51.186210+00:00,Newington,application_form,https://www.newingtonct.gov/DocumentCenter/View/116/Employment-Application-PDF,https://www.newingtonct.gov/DocumentCenter/View/116/Employment-Application-PDF,200,False,False,working,,10499,2026-04-17T17:33:51.186210+00:00,Application Form URL,https://www.newingtonct.gov/DocumentCenter/View/116/Employment-Application-PDF,https://www.newingtonct.gov/DocumentCenter/View/116/Employment-Application-PDF,200,False,True
2026-04-17T17:33:51.186210+00:00,Naugatuck,employment_page,http://www.naugatuck-ct.gov/human-resources/employment,https://www.naugatuck-ct.gov/human-resources/employment,200,True,False,redirected,,11301,2026-04-17T17:33:51.186210+00:00,Employment Page URL,http://www.naugatuck-ct.gov/human-resources/employment,https://www.naugatuck-ct.gov/human-resources/employment,200,False,True
2026-04-17T17:33:51.186210+00:00,Newtown,employment_page,https://www.newtown-ct.gov/human-resources/pages/employment-openings,https://www.newtown-ct.gov/human-resources/pages/employment-openings,403,False,False,uncertain,,11345,2026-04-17T17:33:51.186210+00:00,Employment Page URL,https://www.newtown-ct.gov/human-resources/pages/employment-openings,https://www.newtown-ct.gov/human-resources/pages/employment-openings,403,False,False
2026-04-17T17:33:51.186210+00:00,New Fairfield,employment_page,https://www.applitrack.com/newfairfield/onlineapp/default.aspx,https://www.applitrack.com/newfairfield/onlineapp/default.aspx,200,False,False,working,,8539,2026-04-17T17:33:51.186210+00:00,Employment Page URL,https://www.applitrack.com/newfairfield/onlineapp/default.aspx,https://www.applitrack.com/newfairfield/onlineapp/default.aspx,200,False,True
2026-04-17T17:33:51.186210+00:00,New Britain,employment_page,https://www.newbritainct.gov/services/civil/employment/job-postingshtm,https://www.newbritainct.gov/services/civil/employment/job-postingshtm,200,False,False,working,,12041,2026-04-17T17:33:51.186210+00:00,Employment Page URL,https://www.newbritainct.gov/services/civil/employment/job-postingshtm,https://www.newbritainct.gov/services/civil/employment/job-postingshtm,200,False,True
2026-04-17T17:33:51.186210+00:00,New Canaan,employment_page,https://workforcenow.adp.com/mascsr/default/mdf/recruitment/recruitment.html?cid=cc5de7eb-4d8c-4b09-aafa-ddaefc2b33b3,https://workforcenow.adp.com/mascsr/default/mdf/recruitment/recruitment.html?cid=cc5de7eb-4d8c-4b09-aafa-ddaefc2b33b3,200,False,False,working,,9182,2026-04-17T17:33:51.186210+00:00,Employment Page URL,https://workforcenow.adp.com/mascsr/default/mdf/recruitment/recruitment.html?cid=cc5de7eb-4d8c-4b09-aafa-ddaefc2b33b3,https://workforcenow.adp.com/mascsr/default/mdf/recruitment/recruitment.html?cid=cc5de7eb-4d8c-4b09-aafa-ddaefc2b33b3,200,False,True
2026-04-17T17:33:51.186210+00:00,Marlborough,application_form,https://www.marlboroughct.net/Job_Application.pdf,https://cms2.revize.com/revize/marlborough/Job_Application.pdf,200,True,False,redirected,,21837,2026-04-17T17:33:51.186210+00:00,Application Form URL,https://www.marlboroughct.net/Job_Application.pdf,https://cms2.revize.com/revize/marlborough/Job_Application.pdf,200,False,True
2026-04-17T17:33:51.186210+00:00,New London,employment_page,https://newlondonct.gov/employment-opportunities,https://newlondonct.gov/employment-opportunities,200,False,False,working,,8948,2026-04-17T17:33:51.186210+00:00,Employment Page URL,https://newlondonct.gov/employment-opportunities,https://newlondonct.gov/employment-opportunities,200,False,True
2026-04-17T17:33:51.186210+00:00,New London,application_form,https://newlondonct.gov/filestorage/7495/7518/7798/9750/Employment_Application_Form.pdf,https://newlondonct.gov/filestorage/7495/7518/7798/9750/Employment_Application_Form.pdf,200,False,False,working,,8703,2026-04-17T17:33:51.186210+00:00,Application Form URL,https://newlondonct.gov/filestorage/7495/7518/7798/9750/Employment_Application_Form.pdf,https://newlondonct.gov/filestorage/7495/7518/7798/9750/Employment_Application_Form.pdf,200,False,True
2026-04-17T17:33:51.186210+00:00,North Stonington,employment_page,https://www.northstoningtonct.gov/home/pages/job-openings,https://www.northstoningtonct.gov/home/pages/job-openings,403,False,False,uncertain,,8160,2026-04-17T17:33:51.186210+00:00,Employment Page URL,https://www.northstoningtonct.gov/home/pages/job-openings,https://www.northstoningtonct.gov/home/pages/job-openings,403,False,False
2026-04-17T17:33:51.186210+00:00,New Milford,employment_page,https://www.newmilford.org/personnel/job-openings,https://www.newmilford.org/personnel/job-openings,200,False,False,working,,9252,2026-04-17T17:33:51.186210+00:00,Employment Page URL,https://www.newmilford.org/personnel/job-openings,https://www.newmilford.org/personnel/job-openings,200,False,True
2026-04-17T17:33:51.186210+00:00,New Milford,application_form,https://www.newmilford.org/filestorage/3088/3126/Employment_Application_fillable_2025.pdf,https://www.newmilford.org/filestorage/3088/3126/Employment_Application_fillable_2025.pdf,200,False,False,working,,9218,2026-04-17T17:33:51.186210+00:00,Application Form URL,https://www.newmilford.org/filestorage/3088/3126/Employment_Application_fillable_2025.pdf,https://www.newmilford.org/filestorage/3088/3126/Employment_Application_fillable_2025.pdf,200,False,True
2026-04-17T17:33:51.186210+00:00,North Branford,application_form,https://www.northbranfordct.gov/FormCenter/General-Forms-4/Job-Application-47,https://www.northbranfordct.gov/FormCenter/General-Forms-4/Job-Application-47,200,False,False,working,,9349,2026-04-17T17:33:51.186210+00:00,Application Form URL,https://www.northbranfordct.gov/FormCenter/General-Forms-4/Job-Application-47,https://www.northbranfordct.gov/FormCenter/General-Forms-4/Job-Application-47,200,False,True
2026-04-17T17:33:51.186210+00:00,Norfolk,application_form,https://norfolkct.org/wp-content/uploads/2023/12/Application-for-Employment.pdf,https://norfolkct.org/wp-content/uploads/2023/12/Application-for-Employment.pdf,200,False,False,working,,9549,2026-04-17T17:33:51.186210+00:00,Application Form URL,https://norfolkct.org/wp-content/uploads/2023/12/Application-for-Employment.pdf,https://norfolkct.org/wp-content/uploads/2023/12/Application-for-Employment.pdf,200,False,True
2026-04-17T17:33:51.186210+00:00,North Haven,employment_page,https://www.northhaven-ct.gov/government/employment_opportunities.php,https://www.northhaven-ct.gov/government/employment_opportunities.php,200,False,False,working,,9432,2026-04-17T17:33:51.186210+00:00,Employment Page URL,https://www.northhaven-ct.gov/government/employment_opportunities.php,https://www.northhaven-ct.gov/government/employment_opportunities.php,200,False,True
2026-04-17T17:33:51.186210+00:00,North Canaan,application_form,https://municipal-documents.s3.amazonaws.com/uploads/north-canaan-ct/board-of-selectmen/articles/announcements/4393/rich_text_field_file/17206348541/Town%20of%20North%20Canaan%20Employment%20Application.pdf,https://municipal-documents.s3.amazonaws.com/uploads/north-canaan-ct/board-of-selectmen/articles/announcements/4393/rich_text_field_file/17206348541/Town%20of%20North%20Canaan%20Employment%20Application.pdf,200,False,False,working,,9490,2026-04-17T17:33:51.186210+00:00,Application Form URL,https://municipal-documents.s3.amazonaws.com/uploads/north-canaan-ct/board-of-selectmen/articles/announcements/4393/rich_text_field_file/17206348541/Town%20of%20North%20Canaan%20Employment%20Application.pdf,https://municipal-documents.s3.amazonaws.com/uploads/north-canaan-ct/board-of-selectmen/articles/announcements/4393/rich_text_field_file/17206348541/Town%20of%20North%20Canaan%20Employment%20Application.pdf,200,False,True
2026-04-17T17:33:51.186210+00:00,New Haven,employment_page,https://www.jobapscloud.com/oec/NewHaven/,https://www.jobapscloud.com/oec/NewHaven/,200,False,False,working,,10714,2026-04-17T17:33:51.186210+00:00,Employment Page URL,https://www.jobapscloud.com/oec/NewHaven/,https://www.jobapscloud.com/oec/NewHaven/,200,False,True
2026-04-17T17:33:51.186210+00:00,North Branford,employment_page,https://www.northbranfordct.gov/jobs.aspx,https://www.northbranfordct.gov/jobs.aspx,200,False,False,working,,10096,2026-04-17T17:33:51.186210+00:00,Employment Page URL,https://www.northbranfordct.gov/jobs.aspx,https://www.northbranfordct.gov/jobs.aspx,200,False,True
2026-04-17T17:33:51.186210+00:00,Norwalk,employment_page,https://www.governmentjobs.com/careers/norwalk,https://www.governmentjobs.com/careers/norwalk,200,False,False,working,,9570,2026-04-17T17:33:51.186210+00:00,Employment Page URL,https://www.governmentjobs.com/careers/norwalk,https://www.governmentjobs.com/careers/norwalk,200,False,True
2026-04-17T17:33:51.186210+00:00,Norwich,employment_page,https://www.norwichct.gov/718/Employment-Opportunities,https://www.norwichct.gov/718/Employment-Opportunities,200,False,False,working,,10133,2026-04-17T17:33:51.186210+00:00,Employment Page URL,https://www.norwichct.gov/718/Employment-Opportunities,https://www.norwichct.gov/718/Employment-Opportunities,200,False,True
2026-04-17T17:33:51.186210+00:00,Old Lyme,employment_page,https://www.oldlyme-ct.gov/Jobs.aspx,https://www.oldlyme-ct.gov/Jobs.aspx,200,False,False,working,,10470,2026-04-17T17:33:51.186210+00:00,Employment Page URL,https://www.oldlyme-ct.gov/Jobs.aspx,https://www.oldlyme-ct.gov/Jobs.aspx,200,False,True
2026-04-17T17:33:51.186210+00:00,Preston,application_form,http://cp-stcity.civicplus.com/support/application.pdf,http://cp-stcity.civicplus.com/support/application.pdf,404,False,False,broken,,277,2026-04-17T17:33:51.186210+00:00,Application Form URL,http://cp-stcity.civicplus.com/support/application.pdf,http://cp-stcity.civicplus.com/support/application.pdf,404,False,False
2026-04-17T17:33:51.186210+00:00,New Britain,application_form,https://www.newbritainct.gov/fs/resource-manager/view/17872a85-abad-4c41-a629-4ad89bb25b00,https://resources.finalsite.net/images/v1674583127/newbritainctgov/tvqiu5hlfeqjb42aya38/FillableApplicationJan23.pdf,200,True,False,redirected,,18308,2026-04-17T17:33:51.186210+00:00,Application Form URL,https://www.newbritainct.gov/fs/resource-manager/view/17872a85-abad-4c41-a629-4ad89bb25b00,https://resources.finalsite.net/images/v1674583127/newbritainctgov/tvqiu5hlfeqjb42aya38/FillableApplicationJan23.pdf,200,False,True
2026-04-17T17:33:51.186210+00:00,Old Lyme,application_form,https://www.oldlyme-ct.gov/DocumentCenter/View/509/Job-Application-PDF,https://www.oldlyme-ct.gov/DocumentCenter/View/509/Job-Application-PDF,404,False,False,broken,,8718,2026-04-17T17:33:51.186210+00:00,Application Form URL,https://www.oldlyme-ct.gov/DocumentCenter/View/509/Job-Application-PDF,https://www.oldlyme-ct.gov/DocumentCenter/View/509/Job-Application-PDF,404,False,False
2026-04-17T17:33:51.186210+00:00,Old Saybrook,employment_page,https://www.oldsaybrookct.gov/Jobs.aspx,https://www.oldsaybrookct.gov/Jobs.aspx,200,False,False,working,,9441,2026-04-17T17:33:51.186210+00:00,Employment Page URL,https://www.oldsaybrookct.gov/Jobs.aspx,https://www.oldsaybrookct.gov/Jobs.aspx,200,False,True
2026-04-17T17:33:51.186210+00:00,Old Saybrook,application_form,https://www.oldsaybrookct.gov/Jobs.aspx#docaccess-faae6cead39d9468d1c57eecc4aefc59ddb236cadf447b8bbd4082cf99028323,https://www.oldsaybrookct.gov/Jobs.aspx#docaccess-faae6cead39d9468d1c57eecc4aefc59ddb236cadf447b8bbd4082cf99028323,200,False,False,working,,9276,2026-04-17T17:33:51.186210+00:00,Application Form URL,https://www.oldsaybrookct.gov/Jobs.aspx#docaccess-faae6cead39d9468d1c57eecc4aefc59ddb236cadf447b8bbd4082cf99028323,https://www.oldsaybrookct.gov/Jobs.aspx#docaccess-faae6cead39d9468d1c57eecc4aefc59ddb236cadf447b8bbd4082cf99028323,200,False,True
2026-04-17T17:33:51.186210+00:00,Oxford,employment_page,https://www.oxford-ct.gov/1197/Employment-Opportunities,https://www.oxford-ct.gov/1197/Employment-Opportunities,200,False,False,working,,7777,2026-04-17T17:33:51.186210+00:00,Employment Page URL,https://www.oxford-ct.gov/1197/Employment-Opportunities,https://www.oxford-ct.gov/1197/Employment-Opportunities,200,False,True
2026-04-17T17:33:51.186210+00:00,Orange,employment_page,https://www.orange-ct.gov/Jobs.aspx,https://www.orange-ct.gov/Jobs.aspx,200,False,False,working,,10002,2026-04-17T17:33:51.186210+00:00,Employment Page URL,https://www.orange-ct.gov/Jobs.aspx,https://www.orange-ct.gov/Jobs.aspx,200,False,True
2026-04-17T17:33:51.186210+00:00,Plainfield,employment_page,https://www.plainfieldct.org/how_do_i/apply_for_obtain/job_opportunities.php,https://www.plainfieldct.org/how_do_i/apply_for_obtain/job_opportunities.php,200,False,False,working,,8493,2026-04-17T17:33:51.186210+00:00,Employment Page URL,https://www.plainfieldct.org/how_do_i/apply_for_obtain/job_opportunities.php,https://www.plainfieldct.org/how_do_i/apply_for_obtain/job_opportunities.php,200,False,True
2026-04-17T17:33:51.186210+00:00,Oxford,application_form,https://www.oxford-ct.gov/DocumentCenter/View/703/simple-job-application_3_0,https://www.oxford-ct.gov/DocumentCenter/View/703/simple-job-application_3_0,200,False,False,working,,9292,2026-04-17T17:33:51.186210+00:00,Application Form URL,https://www.oxford-ct.gov/DocumentCenter/View/703/simple-job-application_3_0,https://www.oxford-ct.gov/DocumentCenter/View/703/simple-job-application_3_0,200,False,True
2026-04-17T17:33:51.186210+00:00,North Haven,application_form,https://www.northhaven-ct.gov/Document%20Center/Government/employment/EmploymentApplicationFillable392022v1_3.pdf?t=202412181620010,https://cms4files.revize.com/townofnorthhaven/Document%20Center/Government/employment/EmploymentApplicationFillable392022v1_3.pdf?t=202412181620010&t=202412181620010,200,True,False,redirected,,17551,2026-04-17T17:33:51.186210+00:00,Application Form URL,https://www.northhaven-ct.gov/Document%20Center/Government/employment/EmploymentApplicationFillable392022v1_3.pdf?t=202412181620010,https://cms4files.revize.com/townofnorthhaven/Document%20Center/Government/employment/EmploymentApplicationFillable392022v1_3.pdf?t=202412181620010&t=202412181620010,200,False,True
2026-04-17T17:33:51.186210+00:00,Pomfret,employment_page,https://www.pomfretct.gov/first-selectmens-office/pages/employmentvolunteer-opportunities,https://www.pomfretct.gov/first-selectmens-office/pages/employmentvolunteer-opportunities,403,False,False,uncertain,,8671,2026-04-17T17:33:51.186210+00:00,Employment Page URL,https://www.pomfretct.gov/first-selectmens-office/pages/employmentvolunteer-opportunities,https://www.pomfretct.gov/first-selectmens-office/pages/employmentvolunteer-opportunities,403,False,False
2026-04-17T17:33:51.186210+00:00,Pomfret,application_form,https://www.pomfretct.gov/first-selectmans-office/files/application,https://www.pomfretct.gov/first-selectmans-office/files/application,403,False,False,uncertain,,8687,2026-04-17T17:33:51.186210+00:00,Application Form URL,https://www.pomfretct.gov/first-selectmans-office/files/application,https://www.pomfretct.gov/first-selectmans-office/files/application,403,False,False
2026-04-17T17:33:51.186210+00:00,Plymouth,employment_page,https://www.plymouthct.gov/jobs,https://www.plymouthct.gov/jobs,200,False,False,working,,9119,2026-04-17T17:33:51.186210+00:00,Employment Page URL,https://www.plymouthct.gov/jobs,https://www.plymouthct.gov/jobs,200,False,True
2026-04-17T17:33:51.186210+00:00,Plainville,employment_page,https://www.plainvillect.com/human-resources/pages/job-opportunities,https://www.plainvillect.com/human-resources/pages/job-opportunities,403,False,False,uncertain,,9639,2026-04-17T17:33:51.186210+00:00,Employment Page URL,https://www.plainvillect.com/human-resources/pages/job-opportunities,https://www.plainvillect.com/human-resources/pages/job-opportunities,403,False,False
2026-04-17T17:33:51.186210+00:00,Plainville,application_form,https://www.applitrack.com/plainville/onlineapp/default.aspx,,,False,False,broken,"('Connection aborted.', ConnectionResetError(10054, 'An existing connection was forcibly closed by the remote host', None, 10054, None))",10151,2026-04-17T17:33:51.186210+00:00,Application Form URL,https://www.applitrack.com/plainville/onlineapp/default.aspx,,,False,False
2026-04-17T17:33:51.186210+00:00,Plymouth,application_form,https://www.plymouthct.gov/jobs/71/,https://www.plymouthct.gov/jobs/71/,200,False,False,working,,10355,2026-04-17T17:33:51.186210+00:00,Application Form URL,https://www.plymouthct.gov/jobs/71/,https://www.plymouthct.gov/jobs/71/,200,False,True
2026-04-17T17:33:51.186210+00:00,Portland,employment_page,https://www.portlandct.org/employment-opportunities,https://www.portlandct.org/employment-opportunities,200,False,False,working,,11852,2026-04-17T17:33:51.186210+00:00,Employment Page URL,https://www.portlandct.org/employment-opportunities,https://www.portlandct.org/employment-opportunities,200,False,True
2026-04-17T17:33:51.186210+00:00,Preston,employment_page,https://www.preston-ct.org/Jobs.aspx,https://www.preston-ct.org/Jobs.aspx,200,False,False,working,,11066,2026-04-17T17:33:51.186210+00:00,Employment Page URL,https://www.preston-ct.org/Jobs.aspx,https://www.preston-ct.org/Jobs.aspx,200,False,True
2026-04-17T17:33:51.186210+00:00,Sharon,application_form,http://cp-stcity.civicplus.com/support/application.pdf,http://cp-stcity.civicplus.com/support/application.pdf,404,False,False,broken,,141,2026-04-17T17:33:51.186210+00:00,Application Form URL,http://cp-stcity.civicplus.com/support/application.pdf,http://cp-stcity.civicplus.com/support/application.pdf,404,False,False
2026-04-17T17:33:51.186210+00:00,Prospect,employment_page,https://townofprospect.gov/employment-opportunities/,https://townofprospect.gov/employment-opportunities/,200,False,False,working,,10561,2026-04-17T17:33:51.186210+00:00,Employment Page URL,https://townofprospect.gov/employment-opportunities/,https://townofprospect.gov/employment-opportunities/,200,False,True
2026-04-17T17:33:51.186210+00:00,Redding,employment_page,https://reddingct.gov/about-redding/jobs/,https://reddingct.gov/about-redding/jobs/,200,False,False,working,,8778,2026-04-17T17:33:51.186210+00:00,Employment Page URL,https://reddingct.gov/about-redding/jobs/,https://reddingct.gov/about-redding/jobs/,200,False,True
2026-04-17T17:33:51.186210+00:00,Putnam,employment_page,https://www.putnamct.us/departments/human-resources/job-postings,https://www.putnamct.us/departments/human-resources/job-postings,200,False,False,working,,9922,2026-04-17T17:33:51.186210+00:00,Employment Page URL,https://www.putnamct.us/departments/human-resources/job-postings,https://www.putnamct.us/departments/human-resources/job-postings,200,False,True
2026-04-17T17:33:51.186210+00:00,Ridgefield,employment_page,https://www.ridgefieldct.gov/departments/human_resources/current_employment_opportunities.php,https://www.ridgefieldct.gov/departments/human_resources/current_employment_opportunities.php,200,False,False,working,,9006,2026-04-17T17:33:51.186210+00:00,Employment Page URL,https://www.ridgefieldct.gov/departments/human_resources/current_employment_opportunities.php,https://www.ridgefieldct.gov/departments/human_resources/current_employment_opportunities.php,200,False,True
2026-04-17T17:33:51.186210+00:00,Plainfield,application_form,https://www.plainfieldct.org/Document%20Center/How%20Do%20I/Jobs/employmentapplication.pdf,https://cms9files.revize.com/plainfieldct/Document%20Center/How%20Do%20I/Jobs/employmentapplication.pdf,404,True,False,broken,,17138,2026-04-17T17:33:51.186210+00:00,Application Form URL,https://www.plainfieldct.org/Document%20Center/How%20Do%20I/Jobs/employmentapplication.pdf,https://cms9files.revize.com/plainfieldct/Document%20Center/How%20Do%20I/Jobs/employmentapplication.pdf,404,False,False
2026-04-17T17:33:51.186210+00:00,Prospect,application_form,https://cdn.townweb.com/townofprospect.gov/wp-content/uploads/2024/04/1Town_of_Prospect_Employment_Application_Revised_202122.pdf,https://cdn.townweb.com/townofprospect.gov/wp-content/uploads/2024/04/1Town_of_Prospect_Employment_Application_Revised_202122.pdf,200,False,False,working,,12343,2026-04-17T17:33:51.186210+00:00,Application Form URL,https://cdn.townweb.com/townofprospect.gov/wp-content/uploads/2024/04/1Town_of_Prospect_Employment_Application_Revised_202122.pdf,https://cdn.townweb.com/townofprospect.gov/wp-content/uploads/2024/04/1Town_of_Prospect_Employment_Application_Revised_202122.pdf,200,False,True
2026-04-17T17:33:51.186210+00:00,Rocky Hill,employment_page,https://www.rockyhillct.gov/300/Employment-Opportunities,https://www.rockyhillct.gov/300/Employment-Opportunities,200,False,False,working,,9026,2026-04-17T17:33:51.186210+00:00,Employment Page URL,https://www.rockyhillct.gov/300/Employment-Opportunities,https://www.rockyhillct.gov/300/Employment-Opportunities,200,False,True
2026-04-17T17:33:51.186210+00:00,Salem,application_form,https://www.salemct.gov/human-resources/files/employment-application-0,https://www.salemct.gov/human-resources/files/employment-application-0,403,False,False,uncertain,,7770,2026-04-17T17:33:51.186210+00:00,Application Form URL,https://www.salemct.gov/human-resources/files/employment-application-0,https://www.salemct.gov/human-resources/files/employment-application-0,403,False,False
2026-04-17T17:33:51.186210+00:00,Salem,employment_page,https://www.salemct.gov/human-resources,https://www.salemct.gov/human-resources,403,False,False,uncertain,,8207,2026-04-17T17:33:51.186210+00:00,Employment Page URL,https://www.salemct.gov/human-resources,https://www.salemct.gov/human-resources,403,False,False
2026-04-17T17:33:51.186210+00:00,Rocky Hill,application_form,https://www.rockyhillct.gov/DocumentCenter/View/349/Application-for-Employment-PDF,https://www.rockyhillct.gov/DocumentCenter/View/349/Application-for-Employment-PDF,200,False,False,working,,8980,2026-04-17T17:33:51.186210+00:00,Application Form URL,https://www.rockyhillct.gov/DocumentCenter/View/349/Application-for-Employment-PDF,https://www.rockyhillct.gov/DocumentCenter/View/349/Application-for-Employment-PDF,200,False,True
2026-04-17T17:33:51.186210+00:00,Roxbury,employment_page,https://www.roxburyct.com/Jobs.aspx,https://www.roxburyct.com/Jobs.aspx,200,False,False,working,,9049,2026-04-17T17:33:51.186210+00:00,Employment Page URL,https://www.roxburyct.com/Jobs.aspx,https://www.roxburyct.com/Jobs.aspx,200,False,True
2026-04-17T17:33:51.186210+00:00,Portland,application_form,https://www.portlandct.org/_files/ugd/9e6474_54bf1837850e4732ae85931cf4f79722.pdf,https://d6b5601c-dc3e-4282-af80-0a0237e4e74e.filesusr.com/ugd/9e6474_54bf1837850e4732ae85931cf4f79722.pdf,200,True,False,redirected,,17239,2026-04-17T17:33:51.186210+00:00,Application Form URL,https://www.portlandct.org/_files/ugd/9e6474_54bf1837850e4732ae85931cf4f79722.pdf,https://d6b5601c-dc3e-4282-af80-0a0237e4e74e.filesusr.com/ugd/9e6474_54bf1837850e4732ae85931cf4f79722.pdf,200,False,True
2026-04-17T17:33:51.186210+00:00,Redding,application_form,https://reddingct.gov/wp-content/uploads/2025/04/employment_application_fillable_4_2025363627.pdf,https://reddingct.gov/wp-content/uploads/2025/04/employment_application_fillable_4_2025363627.pdf,200,False,False,working,,12590,2026-04-17T17:33:51.186210+00:00,Application Form URL,https://reddingct.gov/wp-content/uploads/2025/04/employment_application_fillable_4_2025363627.pdf,https://reddingct.gov/wp-content/uploads/2025/04/employment_application_fillable_4_2025363627.pdf,200,False,True
2026-04-17T17:33:51.186210+00:00,Ridgefield,application_form,https://www.ridgefieldct.gov/Documents/Departments/Human%20Resources/Current%20Employment%20Opportunities/job_application_fillable_form_2024_1.pdf?t=202509181700240,https://www.ridgefieldct.gov/Documents/Departments/Human%20Resources/Current%20Employment%20Opportunities/job_application_fillable_form_2024_1.pdf?t=202509181700240,200,False,False,working,,11538,2026-04-17T17:33:51.186210+00:00,Application Form URL,https://www.ridgefieldct.gov/Documents/Departments/Human%20Resources/Current%20Employment%20Opportunities/job_application_fillable_form_2024_1.pdf?t=202509181700240,https://www.ridgefieldct.gov/Documents/Departments/Human%20Resources/Current%20Employment%20Opportunities/job_application_fillable_form_2024_1.pdf?t=202509181700240,200,False,True
2026-04-17T17:33:51.186210+00:00,Somers,employment_page,https://www.somersct.gov/employment-opportunities/,https://www.somersct.gov/employment-opportunities/,404,False,False,broken,,7559,2026-04-17T17:33:51.186210+00:00,Employment Page URL,https://www.somersct.gov/employment-opportunities/,https://www.somersct.gov/employment-opportunities/,404,False,False
2026-04-17T17:33:51.186210+00:00,Simsbury,employment_page,https://www.governmentjobs.com/careers/simsburyct,https://www.governmentjobs.com/careers/simsburyct,200,False,False,working,,8189,2026-04-17T17:33:51.186210+00:00,Employment Page URL,https://www.governmentjobs.com/careers/simsburyct,https://www.governmentjobs.com/careers/simsburyct,200,False,True
2026-04-17T17:33:51.186210+00:00,Somers,application_form,https://www.somersct.gov/download/zz_unpublished_documents/Jobs%20and%20Human%20Resources/employment%20applic.pdf,https://www.somersct.gov/download/zz_unpublished_documents/Jobs%20and%20Human%20Resources/employment%20applic.pdf,404,False,False,broken,,8035,2026-04-17T17:33:51.186210+00:00,Application Form URL,https://www.somersct.gov/download/zz_unpublished_documents/Jobs%20and%20Human%20Resources/employment%20applic.pdf,https://www.somersct.gov/download/zz_unpublished_documents/Jobs%20and%20Human%20Resources/employment%20applic.pdf,404,False,False
2026-04-17T17:33:51.186210+00:00,Seymour,employment_page,https://www.seymourct.org/jobs,https://www.seymourct.org/jobs,200,False,False,working,,13481,2026-04-17T17:33:51.186210+00:00,Employment Page URL,https://www.seymourct.org/jobs,https://www.seymourct.org/jobs,200,False,True
2026-04-17T17:33:51.186210+00:00,Roxbury,application_form,https://www.roxburyct.com/DocumentCenter/View/686/Employment-Application-PDF,https://www.roxburyct.com/DocumentCenter/View/686/Employment-Application-PDF,200,False,False,working,,15201,2026-04-17T17:33:51.186210+00:00,Application Form URL,https://www.roxburyct.com/DocumentCenter/View/686/Employment-Application-PDF,https://www.roxburyct.com/DocumentCenter/View/686/Employment-Application-PDF,200,False,True
2026-04-17T17:33:51.186210+00:00,Salisbury,employment_page,https://www.salisburyct.us/employment/,https://www.salisburyct.us/employment/,200,False,False,working,,14902,2026-04-17T17:33:51.186210+00:00,Employment Page URL,https://www.salisburyct.us/employment/,https://www.salisburyct.us/employment/,200,False,True
2026-04-17T17:33:51.186210+00:00,South Windsor,employment_page,https://www.southwindsor-ct.gov/jobs,https://www.southwindsor-ct.gov/jobs,403,False,False,uncertain,,7839,2026-04-17T17:33:51.186210+00:00,Employment Page URL,https://www.southwindsor-ct.gov/jobs,https://www.southwindsor-ct.gov/jobs,403,False,False
2026-04-17T17:33:51.186210+00:00,Southbury,application_form,https://www.southbury-ct.org/filestorage/20558/20703/Southbury-employment-application_2026-fillable.pdf,https://www.southbury-ct.org/filestorage/20558/20703/Southbury-employment-application_2026-fillable.pdf,200,False,False,working,,7927,2026-04-17T17:33:51.186210+00:00,Application Form URL,https://www.southbury-ct.org/filestorage/20558/20703/Southbury-employment-application_2026-fillable.pdf,https://www.southbury-ct.org/filestorage/20558/20703/Southbury-employment-application_2026-fillable.pdf,200,False,True
2026-04-17T17:33:51.186210+00:00,Sprague,application_form,https://www.ctsprague.org/resources/application_for_employment_revised_2-26-25.pdf,https://www.ctsprague.org/resources/application_for_employment_revised_2-26-25.pdf,200,False,False,working,,7874,2026-04-17T17:33:51.186210+00:00,Application Form URL,https://www.ctsprague.org/resources/application_for_employment_revised_2-26-25.pdf,https://www.ctsprague.org/resources/application_for_employment_revised_2-26-25.pdf,200,False,True
2026-04-17T17:33:51.186210+00:00,Southington,application_form,https://jobs.appone.com/townofsouthington-humanresources,https://jobs.appone.com/townofsouthington-humanresources,404,False,False,broken,,8178,2026-04-17T17:33:51.186210+00:00,Application Form URL,https://jobs.appone.com/townofsouthington-humanresources,https://jobs.appone.com/townofsouthington-humanresources,404,False,False
2026-04-17T17:33:51.186210+00:00,Stafford,employment_page,https://www.staffordct.org/departments/human_resources.php,https://www.staffordct.org/departments/human_resources.php,200,False,False,working,,7994,2026-04-17T17:33:51.186210+00:00,Employment Page URL,https://www.staffordct.org/departments/human_resources.php,https://www.staffordct.org/departments/human_resources.php,200,False,True
2026-04-17T17:33:51.186210+00:00,Sharon,employment_page,https://www.sharonct.gov/Jobs.aspx,https://www.sharonct.gov/Jobs.aspx,200,False,False,working,,15197,2026-04-17T17:33:51.186210+00:00,Employment Page URL,https://www.sharonct.gov/Jobs.aspx,https://www.sharonct.gov/Jobs.aspx,200,False,True
2026-04-17T17:33:51.186210+00:00,Shelton,employment_page,https://cityofshelton.org/p/job-opportunities,https://cityofshelton.org/p/job-opportunities,200,False,False,working,,14404,2026-04-17T17:33:51.186210+00:00,Employment Page URL,https://cityofshelton.org/p/job-opportunities,https://cityofshelton.org/p/job-opportunities,200,False,True
2026-04-17T17:33:51.186210+00:00,Shelton,application_form,http://cityofshelton.org/Home/DownloadDocument?docId=d3f41bf8-d2ce-4937-8811-cf8886fe9ce8,https://cityofshelton.org/Home/DownloadDocument?docId=d3f41bf8-d2ce-4937-8811-cf8886fe9ce8,200,True,False,redirected,,15609,2026-04-17T17:33:51.186210+00:00,Application Form URL,http://cityofshelton.org/Home/DownloadDocument?docId=d3f41bf8-d2ce-4937-8811-cf8886fe9ce8,https://cityofshelton.org/Home/DownloadDocument?docId=d3f41bf8-d2ce-4937-8811-cf8886fe9ce8,200,False,True
2026-04-17T17:33:51.186210+00:00,Sherman,employment_page,https://www.shermanct.gov/job-openings,https://www.shermanct.gov/job-openings,200,False,False,working,,15753,2026-04-17T17:33:51.186210+00:00,Employment Page URL,https://www.shermanct.gov/job-openings,https://www.shermanct.gov/job-openings,200,False,True
2026-04-17T17:33:51.186210+00:00,Southbury,employment_page,https://www.southbury-ct.org/employment,https://www.southbury-ct.org/employment,200,False,False,working,,13523,2026-04-17T17:33:51.186210+00:00,Employment Page URL,https://www.southbury-ct.org/employment,https://www.southbury-ct.org/employment,200,False,True
2026-04-17T17:33:51.186210+00:00,Stonington,employment_page,https://www.stonington-ct.gov/administrative-services/pages/employment-opportunities,https://www.stonington-ct.gov/administrative-services/pages/employment-opportunities,403,False,False,uncertain,,7609,2026-04-17T17:33:51.186210+00:00,Employment Page URL,https://www.stonington-ct.gov/administrative-services/pages/employment-opportunities,https://www.stonington-ct.gov/administrative-services/pages/employment-opportunities,403,False,False
2026-04-17T17:33:51.186210+00:00,Thomaston,employment_page,https://www.thomastonct.gov/job-openings,https://www.thomastonct.gov/job-openings,200,False,False,working,,7487,2026-04-17T17:33:51.186210+00:00,Employment Page URL,https://www.thomastonct.gov/job-openings,https://www.thomastonct.gov/job-openings,200,False,True
2026-04-17T17:33:51.186210+00:00,Stratford,employment_page,https://townofstratfordct.sites.thrillshare.com/documents/town-hall/town-departments-%26-services/human-resources/employment-opportunities/415588,https://townofstratfordct.sites.thrillshare.com/documents/town-hall/town-departments-%26-services/human-resources/employment-opportunities/415588,200,False,False,working,,9012,2026-04-17T17:33:51.186210+00:00,Employment Page URL,https://townofstratfordct.sites.thrillshare.com/documents/town-hall/town-departments-%26-services/human-resources/employment-opportunities/415588,https://townofstratfordct.sites.thrillshare.com/documents/town-hall/town-departments-%26-services/human-resources/employment-opportunities/415588,200,False,True
2026-04-17T17:33:51.186210+00:00,Southington,employment_page,https://www.southington.org/departments/human_resources/index.php,https://www.southingtonct.gov/departments/human_resources/index.php,200,True,False,redirected,,15467,2026-04-17T17:33:51.186210+00:00,Employment Page URL,https://www.southington.org/departments/human_resources/index.php,https://www.southingtonct.gov/departments/human_resources/index.php,200,False,True
2026-04-17T17:33:51.186210+00:00,Thompson,employment_page,https://www.thompsonct.org/human-resources/pages/employment-volunteer-opportunities,https://www.thompsonct.org/human-resources/pages/employment-volunteer-opportunities,403,False,False,uncertain,,7666,2026-04-17T17:33:51.186210+00:00,Employment Page URL,https://www.thompsonct.org/human-resources/pages/employment-volunteer-opportunities,https://www.thompsonct.org/human-resources/pages/employment-volunteer-opportunities,403,False,False
2026-04-17T17:33:51.186210+00:00,Thompson,application_form,https://www.thompsonct.org/human-resources/files/employment-application,https://www.thompsonct.org/human-resources/files/employment-application,403,False,False,uncertain,,7490,2026-04-17T17:33:51.186210+00:00,Application Form URL,https://www.thompsonct.org/human-resources/files/employment-application,https://www.thompsonct.org/human-resources/files/employment-application,403,False,False
2026-04-17T17:33:51.186210+00:00,Tolland,employment_page,https://www.tollandct.gov/human-resources/pages/employment-opportunities,https://www.tollandct.gov/human-resources/pages/employment-opportunities,403,False,False,uncertain,,7912,2026-04-17T17:33:51.186210+00:00,Employment Page URL,https://www.tollandct.gov/human-resources/pages/employment-opportunities,https://www.tollandct.gov/human-resources/pages/employment-opportunities,403,False,False
2026-04-17T17:33:51.186210+00:00,Tolland,application_form,https://www.tollandct.gov/human-resources/files/town-tolland-application,https://www.tollandct.gov/human-resources/files/town-tolland-application,403,False,False,uncertain,,7758,2026-04-17T17:33:51.186210+00:00,Application Form URL,https://www.tollandct.gov/human-resources/files/town-tolland-application,https://www.tollandct.gov/human-resources/files/town-tolland-application,403,False,False
2026-04-17T17:33:51.186210+00:00,Stafford,application_form,https://www.staffordct.org/Departments/Human%20Resources/Town%20of%20Stafford%20employment%20application%20fillable%20pdf%20rev%2002%2013%2024.pdf?t=202502101105290,https://cms5.revize.com/revize/staffordct/Departments/Human%20Resources/Town%20of%20Stafford%20employment%20application%20fillable%20pdf%20rev%2002%2013%2024.pdf?t=202502101105290&t=202502101105290,200,True,False,redirected,,15344,2026-04-17T17:33:51.186210+00:00,Application Form URL,https://www.staffordct.org/Departments/Human%20Resources/Town%20of%20Stafford%20employment%20application%20fillable%20pdf%20rev%2002%2013%2024.pdf?t=202502101105290,https://cms5.revize.com/revize/staffordct/Departments/Human%20Resources/Town%20of%20Stafford%20employment%20application%20fillable%20pdf%20rev%2002%2013%2024.pdf?t=202502101105290&t=202502101105290,200,False,True
2026-04-17T17:33:51.186210+00:00,Stamford,employment_page,https://www.governmentjobs.com/careers/stamfordct,https://www.governmentjobs.com/careers/stamfordct,200,False,False,working,,15029,2026-04-17T17:33:51.186210+00:00,Employment Page URL,https://www.governmentjobs.com/careers/stamfordct,https://www.governmentjobs.com/careers/stamfordct,200,False,True
2026-04-17T17:33:51.186210+00:00,Stratford,application_form,https://core-docs.s3.amazonaws.com/documents/asset/uploaded_file/3632/Stratford/2768288/APPLICATION_FOR_EMPLOYMENT.pdf,https://core-docs.s3.amazonaws.com/documents/asset/uploaded_file/3632/Stratford/2768288/APPLICATION_FOR_EMPLOYMENT.pdf,200,False,False,working,,12760,2026-04-17T17:33:51.186210+00:00,Application Form URL,https://core-docs.s3.amazonaws.com/documents/asset/uploaded_file/3632/Stratford/2768288/APPLICATION_FOR_EMPLOYMENT.pdf,https://core-docs.s3.amazonaws.com/documents/asset/uploaded_file/3632/Stratford/2768288/APPLICATION_FOR_EMPLOYMENT.pdf,200,False,True
2026-04-17T17:33:51.186210+00:00,Suffield,employment_page,https://www.suffieldct.gov/departments/hr,https://www.suffieldct.gov/departments/hr,200,False,False,working,,14024,2026-04-17T17:33:51.186210+00:00,Employment Page URL,https://www.suffieldct.gov/departments/hr,https://www.suffieldct.gov/departments/hr,200,False,True
2026-04-17T17:33:51.186210+00:00,Sterling,application_form,https://www.sterlingct.us/DocumentCenter/View/566/Application-for-Employment,https://sterlingct.gov/DocumentCenter/View/566/Application-for-Employment,200,True,False,redirected,,15774,2026-04-17T17:33:51.186210+00:00,Application Form URL,https://www.sterlingct.us/DocumentCenter/View/566/Application-for-Employment,https://sterlingct.gov/DocumentCenter/View/566/Application-for-Employment,200,False,True
2026-04-17T17:33:51.186210+00:00,Voluntown,employment_page,https://www.voluntown.gov/239/Employment-Opportunities,https://www.voluntown.gov/239/Employment-Opportunities,200,False,False,working,,8069,2026-04-17T17:33:51.186210+00:00,Employment Page URL,https://www.voluntown.gov/239/Employment-Opportunities,https://www.voluntown.gov/239/Employment-Opportunities,200,False,True
2026-04-17T17:33:51.186210+00:00,Suffield,application_form,https://resources.finalsite.net/images/v1591199569/suffieldctgov/uastjpqguqv8mv8y9mm9/EmploymentApplication.pdf,https://resources.finalsite.net/images/v1591199569/suffieldctgov/uastjpqguqv8mv8y9mm9/EmploymentApplication.pdf,200,False,False,working,,15061,2026-04-17T17:33:51.186210+00:00,Application Form URL,https://resources.finalsite.net/images/v1591199569/suffieldctgov/uastjpqguqv8mv8y9mm9/EmploymentApplication.pdf,https://resources.finalsite.net/images/v1591199569/suffieldctgov/uastjpqguqv8mv8y9mm9/EmploymentApplication.pdf,200,False,True
2026-04-17T17:33:51.186210+00:00,Torrington,employment_page,https://www.torringtonct.org/human-resources-department/pages/career-opportunities,,,False,False,broken,"HTTPSConnectionPool(host='www.torringtonct.org', port=443): Max retries exceeded with url: /human-resources-department/pages/career-opportunities (Caused by SSLError(SSLEOFError(8, '[SSL: UNEXPECTED_EOF_WHILE_READING] EOF occurred in violation of protocol (_ssl.c:1081)')))",14445,2026-04-17T17:33:51.186210+00:00,Employment Page URL,https://www.torringtonct.org/human-resources-department/pages/career-opportunities,,,False,False
2026-04-17T17:33:51.186210+00:00,Warren,employment_page,https://www.warrenct.gov/home/pages/employment-opportunities,https://www.warrenct.gov/home/pages/employment-opportunities,200,False,False,working,,7861,2026-04-17T17:33:51.186210+00:00,Employment Page URL,https://www.warrenct.gov/home/pages/employment-opportunities,https://www.warrenct.gov/home/pages/employment-opportunities,200,False,True
2026-04-17T17:33:51.186210+00:00,Wallingford,employment_page,https://www.wallingfordct.gov/government/departments/human-resources/,https://www.wallingfordct.gov/government/departments/human-resources/,200,False,False,working,,7973,2026-04-17T17:33:51.186210+00:00,Employment Page URL,https://www.wallingfordct.gov/government/departments/human-resources/,https://www.wallingfordct.gov/government/departments/human-resources/,200,False,True
2026-04-17T17:33:51.186210+00:00,Voluntown,application_form,https://docs.google.com/forms/d/e/1FAIpQLSc2J2VskxFaZiCpBRy_3jGH-bHyRaYPhCQmMJ5cbq0cWL3jOw/viewform,https://docs.google.com/forms/d/e/1FAIpQLSc2J2VskxFaZiCpBRy_3jGH-bHyRaYPhCQmMJ5cbq0cWL3jOw/viewform,401,False,False,broken,,8453,2026-04-17T17:33:51.186210+00:00,Application Form URL,https://docs.google.com/forms/d/e/1FAIpQLSc2J2VskxFaZiCpBRy_3jGH-bHyRaYPhCQmMJ5cbq0cWL3jOw/viewform,https://docs.google.com/forms/d/e/1FAIpQLSc2J2VskxFaZiCpBRy_3jGH-bHyRaYPhCQmMJ5cbq0cWL3jOw/viewform,401,False,False
2026-04-17T17:33:51.186210+00:00,Warren,application_form,https://www.warrenct.gov/home/files/job-appllication,https://www.warrenct.gov/sites/g/files/vyhlif3991/f/uploads/job_application.pdf,200,True,False,redirected,,8161,2026-04-17T17:33:51.186210+00:00,Application Form URL,https://www.warrenct.gov/home/files/job-appllication,https://www.warrenct.gov/sites/g/files/vyhlif3991/f/uploads/job_application.pdf,200,False,True
2026-04-17T17:33:51.186210+00:00,Wallingford,application_form,https://www.governmentjobs.com/careers/wallingfordct/,https://www.governmentjobs.com/careers/wallingfordct/,200,False,False,working,,8258,2026-04-17T17:33:51.186210+00:00,Application Form URL,https://www.governmentjobs.com/careers/wallingfordct/,https://www.governmentjobs.com/careers/wallingfordct/,200,False,True
2026-04-17T17:33:51.186210+00:00,Torrington,application_form,https://www.torringtonct.org/sites/g/files/vyhlif12226/f/pages/regular_employment_application_revised_8-1-24_fillable_form_9.pdf,,,False,False,broken,"HTTPSConnectionPool(host='www.torringtonct.org', port=443): Max retries exceeded with url: /sites/g/files/vyhlif12226/f/pages/regular_employment_application_revised_8-1-24_fillable_form_9.pdf (Caused by SSLError(SSLEOFError(8, '[SSL: UNEXPECTED_EOF_WHILE_READING] EOF occurred in violation of protocol (_ssl.c:1081)')))",13728,2026-04-17T17:33:51.186210+00:00,Application Form URL,https://www.torringtonct.org/sites/g/files/vyhlif12226/f/pages/regular_employment_application_revised_8-1-24_fillable_form_9.pdf,,,False,False
2026-04-17T17:33:51.186210+00:00,Washington,employment_page,https://www.washingtonct.org/1359/Employment,https://www.washingtonct.org/1359/Employment,200,False,False,working,,8109,2026-04-17T17:33:51.186210+00:00,Employment Page URL,https://www.washingtonct.org/1359/Employment,https://www.washingtonct.org/1359/Employment,200,False,True
2026-04-17T17:33:51.186210+00:00,Waterbury,employment_page,https://www.waterburyct.org/services/human-resources/employment-information,https://www.waterburyct.org/services/human-resources/employment-information,200,False,False,working,,7883,2026-04-17T17:33:51.186210+00:00,Employment Page URL,https://www.waterburyct.org/services/human-resources/employment-information,https://www.waterburyct.org/services/human-resources/employment-information,200,False,True
2026-04-17T17:33:51.186210+00:00,Washington,application_form,https://www.washingtonct.org/DocumentCenter/View/2127/Application-For-Employment,https://www.washingtonct.org/DocumentCenter/View/2127/Application-For-Employment,200,False,False,working,,8354,2026-04-17T17:33:51.186210+00:00,Application Form URL,https://www.washingtonct.org/DocumentCenter/View/2127/Application-For-Employment,https://www.washingtonct.org/DocumentCenter/View/2127/Application-For-Employment,200,False,True
2026-04-17T17:33:51.186210+00:00,Trumbull,employment_page,https://www.trumbull-ct.gov/210/Human-Resources-Civil-Service,https://www.trumbull-ct.gov/210/Human-Resources-Civil-Service,200,False,False,working,,15637,2026-04-17T17:33:51.186210+00:00,Employment Page URL,https://www.trumbull-ct.gov/210/Human-Resources-Civil-Service,https://www.trumbull-ct.gov/210/Human-Resources-Civil-Service,200,False,True
2026-04-17T17:33:51.186210+00:00,Trumbull,application_form,https://www.governmentjobs.com/careers/trumbullct,https://www.governmentjobs.com/careers/trumbullct,200,False,False,working,,15705,2026-04-17T17:33:51.186210+00:00,Application Form URL,https://www.governmentjobs.com/careers/trumbullct,https://www.governmentjobs.com/careers/trumbullct,200,False,True
2026-04-17T17:33:51.186210+00:00,Watertown,employment_page,https://www.watertownct.org/how_do_i/apply_for_obtain/job_opportunities.php,https://www.watertownct.org/how_do_i/apply_for_obtain/job_opportunities.php,200,False,False,working,,6998,2026-04-17T17:33:51.186210+00:00,Employment Page URL,https://www.watertownct.org/how_do_i/apply_for_obtain/job_opportunities.php,https://www.watertownct.org/how_do_i/apply_for_obtain/job_opportunities.php,200,False,True
2026-04-17T17:33:51.186210+00:00,Vernon,employment_page,https://www.applitrack.com/vernonct/onlineapp/default.aspx,,,False,False,broken,"('Connection aborted.', ConnectionResetError(10054, 'An existing connection was forcibly closed by the remote host', None, 10054, None))",15126,2026-04-17T17:33:51.186210+00:00,Employment Page URL,https://www.applitrack.com/vernonct/onlineapp/default.aspx,,,False,False
2026-04-17T17:33:51.186210+00:00,Sterling,employment_page,https://www.sterlingct.us/231/Employment,https://sterlingct.gov/231/Employment,200,True,False,redirected,,27897,2026-04-17T17:33:51.186210+00:00,Employment Page URL,https://www.sterlingct.us/231/Employment,https://sterlingct.gov/231/Employment,200,False,True
2026-04-17T17:33:51.186210+00:00,Weston,application_form,https://www.westonct.gov/home/showpublisheddocument/15257/638900795188300000,https://www.westonct.gov/home/showpublisheddocument/15257/638900795188300000,403,False,False,uncertain,,7440,2026-04-17T17:33:51.186210+00:00,Application Form URL,https://www.westonct.gov/home/showpublisheddocument/15257/638900795188300000,https://www.westonct.gov/home/showpublisheddocument/15257/638900795188300000,403,False,False
2026-04-17T17:33:51.186210+00:00,Westport,application_form,https://www.westportct.gov/home/showpublisheddocument/100418/638702975798870000,https://www.westportct.gov/home/showpublisheddocument/100418/638702975798870000,403,False,False,uncertain,,7033,2026-04-17T17:33:51.186210+00:00,Application Form URL,https://www.westportct.gov/home/showpublisheddocument/100418/638702975798870000,https://www.westportct.gov/home/showpublisheddocument/100418/638702975798870000,403,False,False
2026-04-17T17:33:51.186210+00:00,Weston,employment_page,https://www.westonct.gov/about-us/town-hall/municipal-job-openings,https://www.westonct.gov/about-us/town-hall/municipal-job-openings,403,False,False,uncertain,,7835,2026-04-17T17:33:51.186210+00:00,Employment Page URL,https://www.westonct.gov/about-us/town-hall/municipal-job-openings,https://www.westonct.gov/about-us/town-hall/municipal-job-openings,403,False,False
2026-04-17T17:33:51.186210+00:00,West Haven,employment_page,https://www.cityofwesthaven.com/Jobs.aspx,https://www.cityofwesthaven.com/Jobs.aspx,200,False,False,working,,8185,2026-04-17T17:33:51.186210+00:00,Employment Page URL,https://www.cityofwesthaven.com/Jobs.aspx,https://www.cityofwesthaven.com/Jobs.aspx,200,False,True
2026-04-17T17:33:51.186210+00:00,Westbrook,employment_page,https://www.westbrookct.us/Jobs.aspx,https://www.westbrookct.us/Jobs.aspx,200,False,False,working,,8539,2026-04-17T17:33:51.186210+00:00,Employment Page URL,https://www.westbrookct.us/Jobs.aspx,https://www.westbrookct.us/Jobs.aspx,200,False,True
2026-04-17T17:33:51.186210+00:00,Wethersfield,employment_page,https://ct-wethersfield.civicplus.com/Jobs.aspx,https://ct-wethersfield.civicplus.com/Jobs.aspx,200,False,False,working,,7873,2026-04-17T17:33:51.186210+00:00,Employment Page URL,https://ct-wethersfield.civicplus.com/Jobs.aspx,https://ct-wethersfield.civicplus.com/Jobs.aspx,200,False,True
2026-04-17T17:33:51.186210+00:00,Wethersfield,application_form,https://www.wethersfieldct.gov/DocumentCenter/View/1310/Employment-Application?bidId=,https://www.wethersfieldct.gov/DocumentCenter/View/1310/Employment-Application?bidId=,200,False,False,working,,7993,2026-04-17T17:33:51.186210+00:00,Application Form URL,https://www.wethersfieldct.gov/DocumentCenter/View/1310/Employment-Application?bidId=,https://www.wethersfieldct.gov/DocumentCenter/View/1310/Employment-Application?bidId=,200,False,True
2026-04-17T17:33:51.186210+00:00,Waterbury,application_form,https://www.waterburyct.org/filestorage/103431/106857/106915/106917/City_of_Waterbury_General_Job_Application_v2024.pdf,https://www.waterburyct.org/filestorage/103431/106857/106915/106917/City_of_Waterbury_General_Job_Application_v2024.pdf,200,False,False,working,,16088,2026-04-17T17:33:51.186210+00:00,Application Form URL,https://www.waterburyct.org/filestorage/103431/106857/106915/106917/City_of_Waterbury_General_Job_Application_v2024.pdf,https://www.waterburyct.org/filestorage/103431/106857/106915/106917/City_of_Waterbury_General_Job_Application_v2024.pdf,200,False,True
2026-04-17T17:33:51.186210+00:00,Watertown,application_form,https://www.watertownct.org/Employment/Job_Application_7-2020.editablepdf.pdf?t=202506171048240,https://cms7files.revize.com/watertownct/Employment/Job_Application_7-2020.editablepdf.pdf?t=202506171048240&t=202506171048240,404,True,False,broken,,13428,2026-04-17T17:33:51.186210+00:00,Application Form URL,https://www.watertownct.org/Employment/Job_Application_7-2020.editablepdf.pdf?t=202506171048240,https://cms7files.revize.com/watertownct/Employment/Job_Application_7-2020.editablepdf.pdf?t=202506171048240&t=202506171048240,404,False,False
2026-04-17T17:33:51.186210+00:00,Wilton,employment_page,https://www.wiltonct.gov/node/36/subscriber-topic/employment-opportunities,https://www.wiltonct.gov/node/36/subscriber-topic/employment-opportunities,403,False,False,uncertain,,6708,2026-04-17T17:33:51.186210+00:00,Employment Page URL,https://www.wiltonct.gov/node/36/subscriber-topic/employment-opportunities,https://www.wiltonct.gov/node/36/subscriber-topic/employment-opportunities,403,False,False
2026-04-17T17:33:51.186210+00:00,Waterford,employment_page,https://www.waterfordct.org/Jobs.aspx,https://www.waterfordct.org/Jobs.aspx,200,False,False,working,,16523,2026-04-17T17:33:51.186210+00:00,Employment Page URL,https://www.waterfordct.org/Jobs.aspx,https://www.waterfordct.org/Jobs.aspx,200,False,True
2026-04-17T17:33:51.186210+00:00,West Haven,application_form,https://www.cityofwesthaven.com/DocumentCenter/View/5426/City-of-West-Haven-Employment-Application-PDF,https://www.cityofwesthaven.com/DocumentCenter/View/5426/City-of-West-Haven-Employment-Application-PDF,200,False,False,working,,13074,2026-04-17T17:33:51.186210+00:00,Application Form URL,https://www.cityofwesthaven.com/DocumentCenter/View/5426/City-of-West-Haven-Employment-Application-PDF,https://www.cityofwesthaven.com/DocumentCenter/View/5426/City-of-West-Haven-Employment-Application-PDF,200,False,True
2026-04-17T17:33:51.186210+00:00,Waterford,application_form,https://www.waterfordct.org/DocumentCenter/View/2470/Town-of-Waterford-Application-Revised-Oct-2023,https://www.waterfordct.org/DocumentCenter/View/2470/Town-of-Waterford-Application-Revised-Oct-2023,200,False,False,working,,16662,2026-04-17T17:33:51.186210+00:00,Application Form URL,https://www.waterfordct.org/DocumentCenter/View/2470/Town-of-Waterford-Application-Revised-Oct-2023,https://www.waterfordct.org/DocumentCenter/View/2470/Town-of-Waterford-Application-Revised-Oct-2023,200,False,True
2026-04-17T17:33:51.186210+00:00,West Hartford,employment_page,https://www.westhartfordct.gov/town-departments/human-resources/job-openings,,,False,False,broken,"HTTPSConnectionPool(host='www.westhartfordct.gov', port=443): Max retries exceeded with url: /town-departments/human-resources/job-openings (Caused by SSLError(SSLEOFError(8, '[SSL: UNEXPECTED_EOF_WHILE_READING] EOF occurred in violation of protocol (_ssl.c:1081)')))",15576,2026-04-17T17:33:51.186210+00:00,Employment Page URL,https://www.westhartfordct.gov/town-departments/human-resources/job-openings,,,False,False
2026-04-17T17:33:51.186210+00:00,West Hartford,application_form,https://www.applitrack.com/westhartford/onlineapp/default.aspx?all=1,,,False,False,broken,"('Connection aborted.', ConnectionResetError(10054, 'An existing connection was forcibly closed by the remote host', None, 10054, None))",14976,2026-04-17T17:33:51.186210+00:00,Application Form URL,https://www.applitrack.com/westhartford/onlineapp/default.aspx?all=1,,,False,False
2026-04-17T17:33:51.186210+00:00,Westport,employment_page,https://www.westportct.gov/government/departments-a-z/personnel-department/town-employment-opportunities,https://www.westportct.gov/government/departments-a-z/personnel-department/town-employment-opportunities,403,False,False,uncertain,,15283,2026-04-17T17:33:51.186210+00:00,Employment Page URL,https://www.westportct.gov/government/departments-a-z/personnel-department/town-employment-opportunities,https://www.westportct.gov/government/departments-a-z/personnel-department/town-employment-opportunities,403,False,False
2026-04-17T17:33:51.186210+00:00,Windsor,employment_page,https://www.windsorct.gov/718/Career-Opportunities,https://www.windsorct.gov/718/Career-Opportunities,200,False,False,working,,8100,2026-04-17T17:33:51.186210+00:00,Employment Page URL,https://www.windsorct.gov/718/Career-Opportunities,https://www.windsorct.gov/718/Career-Opportunities,200,False,True
2026-04-17T17:33:51.186210+00:00,Winchester,application_form,https://municipal-documents.s3.amazonaws.com/uploads/winchester-ct/town-manager/documents/applications/68597/Town%20of%20Winchester%20Employment%20Application%202023%20Fillable.pdf,https://municipal-documents.s3.amazonaws.com/uploads/winchester-ct/town-manager/documents/applications/68597/Town%20of%20Winchester%20Employment%20Application%202023%20Fillable.pdf,200,False,False,working,,8615,2026-04-17T17:33:51.186210+00:00,Application Form URL,https://municipal-documents.s3.amazonaws.com/uploads/winchester-ct/town-manager/documents/applications/68597/Town%20of%20Winchester%20Employment%20Application%202023%20Fillable.pdf,https://municipal-documents.s3.amazonaws.com/uploads/winchester-ct/town-manager/documents/applications/68597/Town%20of%20Winchester%20Employment%20Application%202023%20Fillable.pdf,200,False,True
2026-04-17T17:33:51.186210+00:00,Windsor Locks,application_form,https://cdn.townweb.com/windsorlocksct.org/wp-content/uploads/2022/11/0097_001.pdf,https://cdn.townweb.com/windsorlocksct.org/wp-content/uploads/2022/11/0097_001.pdf,200,False,False,working,,7689,2026-04-17T17:33:51.186210+00:00,Application Form URL,https://cdn.townweb.com/windsorlocksct.org/wp-content/uploads/2022/11/0097_001.pdf,https://cdn.townweb.com/windsorlocksct.org/wp-content/uploads/2022/11/0097_001.pdf,200,False,True
2026-04-17T17:33:51.186210+00:00,Windsor Locks,employment_page,https://windsorlocksct.org/current-job-opportunities/,https://windsorlocksct.org/current-job-opportunities/,200,False,False,working,,7790,2026-04-17T17:33:51.186210+00:00,Employment Page URL,https://windsorlocksct.org/current-job-opportunities/,https://windsorlocksct.org/current-job-opportunities/,200,False,True
2026-04-17T17:33:51.186210+00:00,Windham,employment_page,https://www.windhamct.gov/522/Employment-Opportunities,https://www.windhamct.gov/522/Employment-Opportunities,200,False,False,working,,8713,2026-04-17T17:33:51.186210+00:00,Employment Page URL,https://www.windhamct.gov/522/Employment-Opportunities,https://www.windhamct.gov/522/Employment-Opportunities,200,False,True
2026-04-17T17:33:51.186210+00:00,Willington,application_form,https://www.willingtonct.gov/home/files/town-willington-employment-application,https://www.willingtonct.gov/home/files/town-willington-employment-application,404,False,False,broken,,12286,2026-04-17T17:33:51.186210+00:00,Application Form URL,https://www.willingtonct.gov/home/files/town-willington-employment-application,https://www.willingtonct.gov/home/files/town-willington-employment-application,404,False,False
2026-04-17T17:33:51.186210+00:00,Willington,employment_page,https://www.willingtonct.gov/Jobs.aspx,https://www.willingtonct.gov/Jobs.aspx,200,False,False,working,,13546,2026-04-17T17:33:51.186210+00:00,Employment Page URL,https://www.willingtonct.gov/Jobs.aspx,https://www.willingtonct.gov/Jobs.aspx,200,False,True
2026-04-17T17:33:51.186210+00:00,Windham,application_form,https://www.windhamct.gov/DocumentCenter/View/453,https://www.windhamct.gov/DocumentCenter/View/453/Town-of-Windham-Employment-Application-2023-PDF?bidId=,200,True,False,redirected,,9076,2026-04-17T17:33:51.186210+00:00,Application Form URL,https://www.windhamct.gov/DocumentCenter/View/453,https://www.windhamct.gov/DocumentCenter/View/453/Town-of-Windham-Employment-Application-2023-PDF?bidId=,200,False,True
2026-04-17T17:33:51.186210+00:00,Wilton,application_form,https://www.wiltonct.gov/human-resources-department/files/employment-application,https://www.wiltonct.gov/human-resources-department/files/employment-application,403,False,False,uncertain,,12111,2026-04-17T17:33:51.186210+00:00,Application Form URL,https://www.wiltonct.gov/human-resources-department/files/employment-application,https://www.wiltonct.gov/human-resources-department/files/employment-application,403,False,False
2026-04-17T17:33:51.186210+00:00,Winchester,employment_page,https://www.townofwinchester.org/job-openings,https://www.townofwinchester.org/job-openings,200,False,True,suspicious,,11484,2026-04-17T17:33:51.186210+00:00,Employment Page URL,https://www.townofwinchester.org/job-openings,https://www.townofwinchester.org/job-openings,200,True,False
2026-04-17T17:33:51.186210+00:00,Wolcott,employment_page,https://wolcottct.org/Jobs.aspx,https://wolcottct.org/Jobs.aspx,200,False,False,working,,9185,2026-04-17T17:33:51.186210+00:00,Employment Page URL,https://wolcottct.org/Jobs.aspx,https://wolcottct.org/Jobs.aspx,200,False,True
2026-04-17T17:33:51.186210+00:00,Woodbridge,employment_page,https://www.woodbridgect.org/357/Employment,https://www.woodbridgect.org/357/Employment,200,False,False,working,,6815,2026-04-17T17:33:51.186210+00:00,Employment Page URL,https://www.woodbridgect.org/357/Employment,https://www.woodbridgect.org/357/Employment,200,False,True
2026-04-17T17:33:51.186210+00:00,Woodbridge,application_form,https://www.woodbridgect.org/DocumentCenter/View/6294/Employment-Application-wth-Applicants-Certifications-and-Agreements-with-Employment-Info-Authorization-04-23-2024,https://www.woodbridgect.org/DocumentCenter/View/6294/Employment-Application-wth-Applicants-Certifications-and-Agreements-with-Employment-Info-Authorization-04-23-2024,200,False,False,working,,6796,2026-04-17T17:33:51.186210+00:00,Application Form URL,https://www.woodbridgect.org/DocumentCenter/View/6294/Employment-Application-wth-Applicants-Certifications-and-Agreements-with-Employment-Info-Authorization-04-23-2024,https://www.woodbridgect.org/DocumentCenter/View/6294/Employment-Application-wth-Applicants-Certifications-and-Agreements-with-Employment-Info-Authorization-04-23-2024,200,False,True
2026-04-17T17:33:51.186210+00:00,Woodbury,application_form,https://woodburyct.org/vertical/Sites/%7B59751637-3DF2-41D3-B20A-866E470B1D1D%7D/uploads/Employment_Application_eff_2018_Fillable_Form.pdf,https://woodburyct.org/vertical/Sites/%7B59751637-3DF2-41D3-B20A-866E470B1D1D%7D/uploads/Employment_Application_eff_2018_Fillable_Form.pdf,200,False,False,working,,5604,2026-04-17T17:33:51.186210+00:00,Application Form URL,https://woodburyct.org/vertical/Sites/%7B59751637-3DF2-41D3-B20A-866E470B1D1D%7D/uploads/Employment_Application_eff_2018_Fillable_Form.pdf,https://woodburyct.org/vertical/Sites/%7B59751637-3DF2-41D3-B20A-866E470B1D1D%7D/uploads/Employment_Application_eff_2018_Fillable_Form.pdf,200,False,True
2026-04-17T17:33:51.186210+00:00,Woodbury,employment_page,https://woodburyct.org/jobs,https://woodburyct.org/jobs,200,False,False,working,,6852,2026-04-17T17:33:51.186210+00:00,Employment Page URL,https://woodburyct.org/jobs,https://woodburyct.org/jobs,200,False,True
2026-04-17T17:33:51.186210+00:00,Woodstock,employment_page,https://www.woodstockct.gov/services/employment-volunteer-opportunities,https://www.woodstockct.gov/services/employment-volunteer-opportunities,403,False,False,uncertain,,5087,2026-04-17T17:33:51.186210+00:00,Employment Page URL,https://www.woodstockct.gov/services/employment-volunteer-opportunities,https://www.woodstockct.gov/services/employment-volunteer-opportunities,403,False,False
2026-04-17T17:33:51.186210+00:00,Woodstock,application_form,https://www.woodstockct.gov/services/employment/files/employment-application,https://www.woodstockct.gov/services/employment/files/employment-application,403,False,False,uncertain,,5137,2026-04-17T17:33:51.186210+00:00,Application Form URL,https://www.woodstockct.gov/services/employment/files/employment-application,https://www.woodstockct.gov/services/employment/files/employment-application,403,False,False
2026-04-17T17:33:51.186210+00:00,Wolcott,application_form,https://wolcottct.org/FormCenter/General-Forms-4/Job-Application-57,https://wolcottct.org/FormCenter/General-Forms-4/Job-Application-57,200,False,False,working,,10382,2026-04-17T17:33:51.186210+00:00,Application Form URL,https://wolcottct.org/FormCenter/General-Forms-4/Job-Application-57,https://wolcottct.org/FormCenter/General-Forms-4/Job-Application-57,200,False,True
